<?xml version="1.0" encoding="UTF-8"?>
<ConformanceContext UUID="389e0acf-69a6-46b1-9834-7581ee13a60f" xmlns:xsi="http://www.w3.org/2001/XMLSchema-instance">
	<MetaData>
		<Description>Conformance context for SS</Description>
		<Authors>
			<Author FirstName="Olivier" LastName="MARIE-ROSE"/>
			<Author FirstName="Caroline" LastName="Rosin"/>
		</Authors>
	</MetaData>
	<Predicates>
		<Datatype>
			<ByID ID="CE_SS">
				<!-- CE.3 -->
				<Predicate Target="3[1]" TrueUsage="R" FalseUsage="X">
					<Description>If CE.1 (Identifier) is valued.</Description>
					<Condition>
						<Presence Path="1[1]"/>
					</Condition>
				</Predicate>
				<!-- CE.6 -->
				<Predicate Target="6[1]" TrueUsage="R" FalseUsage="X">
					<Description>If CE.4 (Alternate Identifier) is valued. </Description>
					<Condition>
						<Presence Path="4[1]"/>
					</Condition>
				</Predicate>
			</ByID>
			<ByID ID="CE_SS_PR1">
				<!-- CE.3 -->
				<Predicate Target="3[1]" TrueUsage="R" FalseUsage="X">
					<Description>If CE.1 (Identifier) is valued.</Description>
					<Condition>
						<Presence Path="1[1]"/>
					</Condition>
				</Predicate>
				<!-- CE.6 ? -->
			</ByID>
			<ByID ID="CWE_SS">
				<!-- CWE.3 -->
				<Predicate Target="3[1]" TrueUsage="R" FalseUsage="X">
					<Description>If CWE.1 (Identifier) is valued.</Description>
					<Condition>
						<Presence Path="1[1]"/>
					</Condition>
				</Predicate>
				<!-- CWE.6 -->
				<Predicate Target="6[1]" TrueUsage="R" FalseUsage="X">
					<Description>If CWE.4 (Identifier) is valued.</Description>
					<Condition>
						<Presence Path="4[1]"/>
					</Condition>
				</Predicate>
			</ByID>
			<ByID ID="CWE_SS_OBX">
				<!-- CWE.6 -->
			`<Predicate Target="6[1]" TrueUsage="R" FalseUsage="X">
					<Description>If CWE.4 (Identifier) is valued.</Description>
					<Condition>
						<Presence Path="4[1]"/>
					</Condition>
				</Predicate>
			</ByID>
			<ByID ID="XAD_SS_OBX">
				<!-- XAD.1 -->
				<!-- not sure how to implement that for the moment -->
			</ByID>
			<ByID ID="XCN_SS">
				<!-- XCN.12 -->
				<!-- predicate not defined -->
			</ByID>
		</Datatype>
		<Segment>
			<ByID ID="PID_SS_A03_A04_A08">
				<!-- PID-29 -->
				<!-- needs to be written at group level because needs to access value in PV1 -->
				<!-- PID-30 -->
				<!-- needs to be written at group level because needs to access value in PV1 -->
			</ByID>
			<ByID ID="OBX_SS">
				<!-- OBX-5 (XAD) -->
				<Predicate Target="5[1].1[1]" TrueUsage="R" FalseUsage="O" ID="1">
					<Description>If OBX-2 = "XAD" and OBX-3="SS002".</Description>
					<Condition>
						<FORALL>
							<Presence Path="2[1]"/>
							<PlainText Path="2[1]" Text="XAD" IgnoreCase="false"/>
							<Presence Path="3[1].1[1]"/>
							<PlainText Path="3[1].1[1]" Text="SS002" IgnoreCase="false"/>
						</FORALL>
					</Condition>
				</Predicate>
				<!-- OBX-6 -->
				<Predicate Target="6[1]" TrueUsage="R" FalseUsage="X" ID="1">
					<Description>If OBX.2 (Value Type) is valued "NM".</Description>
					<Condition>
						<AND>
							<Presence Path="2[1]"/>
							<PlainText Path="2[1]" Text="NM" IgnoreCase="false"/>
						</AND>
					</Condition>
				</Predicate>
			</ByID>
		</Segment>
		<Group/>
		<Message>
			<!-- ADT_A01 -->
<!--			<ByName Name="ADT_A01">
				<!{1}** PID-29 **{1}>
				<!{1}** <Predicate Target="4[1].29[1]" TrueUsage="R" FalseUsage="RE" ID="1">
					<Description>If PV1-36 (Discharge Disposition) is valued with any of the following: '20', '40', '41', '42'</Description>
					<Condition>
						<AND>
							<Presence Path="8[1].36[1]"/>
							<StringList Path="8[1].36[1]" CSV="20,40,41,42"/>
						</AND>
					</Condition>
				</Predicate> **{1}>
				<!{1}** PID-30 **{1}>
				<!{1}** <Predicate Target="4[1].30[1]" TrueUsage="R" FalseUsage="RE" ID="1">
					<Description>If PV1-36 (Discharge Disposition) is valued with any of the following: '20', '40', '41', '42'</Description>
					<Condition>
						<AND>
							<Presence Path="8[1].36[1]"/>
							<StringList Path="8[1].36[1]" CSV="20,40,41,42"/>
						</AND>
					</Condition>
				</Predicate>**{1}>
			</ByName>-->
			<!-- ADT_A03 -->
			<ByName Name="ADT_A03">
				<!-- PID-29 -->
				<Predicate Target="4[1].29[1]" TrueUsage="R" FalseUsage="RE" ID="1">
					<Description>If PV1-36 (Discharge Disposition) is valued with any of the following: '20', '40', '41', '42'</Description>
					<Condition>
						<AND>
							<Presence Path="8[1].36[1]"/>
							<StringList Path="8[1].36[1]" CSV="20,40,41,42"/>
						</AND>
					</Condition>
				</Predicate>
				<!-- PID-30 -->
				<Predicate Target="4[1].30[1]" TrueUsage="R" FalseUsage="RE" ID="1">
					<Description>If PV1-36 (Discharge Disposition) is valued with any of the following: '20', '40', '41', '42'</Description>
					<Condition>
						<AND>
							<Presence Path="8[1].36[1]"/>
							<StringList Path="8[1].36[1]" CSV="20,40,41,42"/>
						</AND>
					</Condition>
				</Predicate>
			</ByName>
			<!-- ADT_A04 -->
			<ByName Name="ADT_A04">
				<!-- PID-29 -->
				<Predicate Target="4[1].29[1]" TrueUsage="R" FalseUsage="RE" ID="1">
					<Description>If PV1-36 (Discharge Disposition) is valued with any of the following: '20', '40', '41', '42'</Description>
					<Condition>
						<AND>
							<Presence Path="8[1].36[1]"/>
							<StringList Path="8[1].36[1]" CSV="20,40,41,42"/>
						</AND>
					</Condition>
				</Predicate>
				<!-- PID-30 -->
				<Predicate Target="4[1].30[1]" TrueUsage="R" FalseUsage="RE" ID="1">
					<Description>If PV1-36 (Discharge Disposition) is valued with any of the following: '20', '40', '41', '42'</Description>
					<Condition>
						<AND>
							<Presence Path="8[1].36[1]"/>
							<StringList Path="8[1].36[1]" CSV="20,40,41,42"/>
						</AND>
					</Condition>
				</Predicate>
			</ByName>
			<!-- ADT_A08 -->
			<ByName Name="ADT_A08">
				<!-- PID-29 -->
				<Predicate Target="4[1].29[1]" TrueUsage="R" FalseUsage="RE" ID="1">
					<Description>If PV1-36 (Discharge Disposition) is valued with any of the following: '20', '40', '41', '42'</Description>
					<Condition>
						<AND>
							<Presence Path="8[1].36[1]"/>
							<StringList Path="8[1].36[1]" CSV="20,40,41,42"/>
						</AND>
					</Condition>
				</Predicate>
				<!-- PID-30 -->
				<Predicate Target="4[1].30[1]" TrueUsage="R" FalseUsage="RE" ID="1">
					<Description>If PV1-36 (Discharge Disposition) is valued with any of the following: '20', '40', '41', '42'</Description>
					<Condition>
						<AND>
							<Presence Path="8[1].36[1]"/>
							<StringList Path="8[1].36[1]" CSV="20,40,41,42"/>
						</AND>
					</Condition>
				</Predicate>
			</ByName>
				
		</Message>
	</Predicates>
	<Constraints>
		<Datatype/>
		<Segment>
			<ByName Name="MSH">
				<!-- MSH-1 -->
				<Constraint ID="SS-043" Target="1[1]">
					<Description>MSH-1 (Field Separator) SHALL be literal '|' (ASCII 124).</Description>
					<Assertion>
						<PlainText Path="1[1]" Text="|" IgnoreCase="false"/>
					</Assertion>
				</Constraint>
				<!-- MSH-2 -->
				<Constraint ID="SS-044" Target="2[1]">
					<Description>MSH-2 (Encoding Characters) SHALL be literal value '^~\&amp;' (ASCII 94, 126, 92, and 38 respectively).</Description>
					<Assertion>
						<PlainText Path="2[1]" Text="^~\&amp;" IgnoreCase="false"/>
					</Assertion>
				</Constraint>
				<!-- MSH-7 -->
				<Constraint ID="SS-013" Target="7[1].1[1]">
					<Description>MSH-7.1 (Date/Time of Message.Time) SHALL be expressed with a minimum precision of the nearest minute and be represented in the following format: 'YYYYMMDDHHMM[SS[.S[S[S[S]]]]] [+/-ZZZZ]'</Description>
					<Assertion>
						<Format Path="7[1].1[1]" Regex="([0-9]{12}.*)"/>
					</Assertion>
				</Constraint>
				<!-- MSH-11 -->
				<Constraint ID="SS-015" Target="11[1].1[1]">
					<Description>MSH-11.1 (Processing ID.Processing ID) SHALL have a value in the set of literal values: "P" for Production, "D" for Debug or "T" for Training.</Description>
					<Assertion>
						<StringList Path="11[1].1[1]" CSV="P,T,D"/>
					</Assertion>
				</Constraint>
				<!-- MSH-12 -->
				<Constraint ID="SS-016" Target="12[1].1[1]">
					<Description>MSH-12.1 (Version ID.Version ID) SHALL have a value '2.5.1'</Description>
					<Assertion>
						<PlainText Path="12[1].1[1]" Text="2.5.1" IgnoreCase="false"/>
					</Assertion>
				</Constraint>
			</ByName>
			<ByID ID="MSH_SS_A01_ACK">
				<Constraint ID="SS-014" Target="9[1]">
					<!-- MSH-9 -->
					<Description>MSH-9 (Message Type) SHALL be the literal value: 'ADT^A01^ADT_A01' for Admission Messages</Description>
					<Assertion>
						<FORALL>
							<!-- First check that all values are present because PlainText returns true when something is not present -->
							<Presence Path="9[1].1[1]"/>
							<Presence Path="9[1].2[1]"/>
							<Presence Path="9[1].3[1]"/>
							<!-- now check the values -->
							<PlainText Path="9[1].1[1]" Text="ADT" IgnoreCase="false"/>
							<PlainText Path="9[1].2[1]" Text="A01" IgnoreCase="false"/>
							<PlainText Path="9[1].3[1]" Text="ADT_A01" IgnoreCase="false"/>
						</FORALL>
					</Assertion>
				</Constraint>
				<!-- MSH-15 -->
				<Constraint ID="NIST-SS-001" Target="15[1]">
					<Description>MSH-15 (Accept Acknowledgment Type) SHALL be the literal value: 'AL'.</Description>
					<Assertion>
						<PlainText Path="15[1]" Text="AL" IgnoreCase="false"/>
					</Assertion>
				</Constraint>
			</ByID>
			<ByID ID="MSH_SS_A01_NOACK">
				<Constraint ID="SS-014" Target="9[1]">
					<!-- MSH-9 -->
					<Description>MSH-9 (Message Type) SHALL be the literal value: 'ADT^A01^ADT_A01' for Admission Messages</Description>
					<Assertion>
						<FORALL>
							<!-- First check that all values are present because PlainText returns true when something is not present -->
							<Presence Path="9[1].1[1]"/>
							<Presence Path="9[1].2[1]"/>
							<Presence Path="9[1].3[1]"/>
							<!-- now check the values -->
							<PlainText Path="9[1].1[1]" Text="ADT" IgnoreCase="false"/>
							<PlainText Path="9[1].2[1]" Text="A01" IgnoreCase="false"/>
							<PlainText Path="9[1].3[1]" Text="ADT_A01" IgnoreCase="false"/>
						</FORALL>
					</Assertion>
				</Constraint>
				<!-- MSH-15 -->
				<Constraint ID="NIST-SS-002" Target="15[1]">
					<Description>MSH-15 (Accept Acknowledgment Type) SHALL be the literal value: 'NE'.</Description>
					<Assertion>
						<PlainText Path="15[1]" Text="NE" IgnoreCase="false"/>
					</Assertion>
				</Constraint>
			</ByID>
			<ByID ID="MSH_SS_A04_ACK">
				<!-- MSH-9 -->
				<Constraint ID="SS-004" Target="9[1]">
					<Description>MSH-9 (Message Type) SHALL be the literal value: 'ADT^A04^ADT_A01' for Registration Messages</Description>
					<Assertion>
						<FORALL>
							<!-- First check that all values are present because PlainText returns true when something is not present -->
							<Presence Path="9[1].1[1]"/>
							<Presence Path="9[1].2[1]"/>
							<Presence Path="9[1].3[1]"/>
							<!-- now check the values -->
							<PlainText Path="9[1].1[1]" Text="ADT" IgnoreCase="false"/>
							<PlainText Path="9[1].2[1]" Text="A04" IgnoreCase="false"/>
							<PlainText Path="9[1].3[1]" Text="ADT_A01" IgnoreCase="false"/>
						</FORALL>
					</Assertion>
				</Constraint>
				<!-- MSH-15 -->
				<Constraint ID="NIST-SS-003" Target="15[1]">
					<Description>MSH-15 (Accept Acknowledgment Type) SHALL be the literal value: 'AL'.</Description>
					<Assertion>
						<PlainText Path="15[1]" Text="AL" IgnoreCase="false"/>
					</Assertion>
				</Constraint>
			</ByID>
			<ByID ID="MSH_SS_A04_NOACK">
				<!-- MSH-9 -->
				<Constraint ID="SS-004" Target="9[1]">
					<Description>MSH-9 (Message Type) SHALL be the literal value: 'ADT^A04^ADT_A01' for Registration Messages</Description>
					<Assertion>
						<FORALL>
							<!-- First check that all values are present because PlainText returns true when something is not present -->
							<Presence Path="9[1].1[1]"/>
							<Presence Path="9[1].2[1]"/>
							<Presence Path="9[1].3[1]"/>
							<!-- now check the values -->
							<PlainText Path="9[1].1[1]" Text="ADT" IgnoreCase="false"/>
							<PlainText Path="9[1].2[1]" Text="A04" IgnoreCase="false"/>
							<PlainText Path="9[1].3[1]" Text="ADT_A01" IgnoreCase="false"/>
						</FORALL>
					</Assertion>
				</Constraint>
				<!-- MSH-15 -->
				<Constraint ID="NIST-SS-004" Target="15[1]">
					<Description>MSH-15 (Accept Acknowledgment Type) SHALL be the literal value: 'NE'.</Description>
					<Assertion>
						<PlainText Path="15[1]" Text="NE" IgnoreCase="false"/>
					</Assertion>
				</Constraint>
			</ByID>
			<ByID ID="MSH_SS_A08_ACK">
				<!-- MSH-9 -->
				<Constraint ID="SS-035" Target="9[1]">
					<Description>MSH-9 (Message Type) SHALL be the literal value: 'ADT^A08^ADT_A01' for Registration Messages</Description>
					<Assertion>
						<FORALL>
							<!-- First check that all values are present because PlainText returns true when something is not present -->
							<Presence Path="9[1].1[1]"/>
							<Presence Path="9[1].2[1]"/>
							<Presence Path="9[1].3[1]"/>
							<!-- now check the values -->
							<PlainText Path="9[1].1[1]" Text="ADT" IgnoreCase="false"/>
							<PlainText Path="9[1].2[1]" Text="A08" IgnoreCase="false"/>
							<PlainText Path="9[1].3[1]" Text="ADT_A01" IgnoreCase="false"/>
						</FORALL>
					</Assertion>
				</Constraint>
				<!-- MSH-15 -->
				<Constraint ID="NIST-SS-005" Target="15[1]">
					<Description>MSH-15 (Accept Acknowledgment Type) SHALL be the literal value: 'AL'.</Description>
					<Assertion>
						<PlainText Path="15[1]" Text="AL" IgnoreCase="false"/>
					</Assertion>
				</Constraint>
			</ByID>
			<ByID ID="MSH_SS_A08_NOACK">
				<!-- MSH-9 -->
				<Constraint ID="SS-035" Target="9[1]">
					<Description>MSH-9 (Message Type) SHALL be the literal value: 'ADT^A08^ADT_A01' for Registration Messages</Description>
					<Assertion>
						<FORALL>
							<!-- First check that all values are present because PlainText returns true when something is not present -->
							<Presence Path="9[1].1[1]"/>
							<Presence Path="9[1].2[1]"/>
							<Presence Path="9[1].3[1]"/>
							<!-- now check the values -->
							<PlainText Path="9[1].1[1]" Text="ADT" IgnoreCase="false"/>
							<PlainText Path="9[1].2[1]" Text="A08" IgnoreCase="false"/>
							<PlainText Path="9[1].3[1]" Text="ADT_A01" IgnoreCase="false"/>
						</FORALL>
					</Assertion>
				</Constraint>
				<!-- MSH-15 -->
				<Constraint ID="NIST-SS-006" Target="15[1]">
					<Description>MSH-15 (Accept Acknowledgment Type) SHALL be the literal value: 'NE'.</Description>
					<Assertion>
						<PlainText Path="15[1]" Text="AL" IgnoreCase="false"/>
					</Assertion>
				</Constraint>
			</ByID>
			<ByID ID="MSH_SS_A03_ACK">
				<!-- MSH-9 -->
				<Constraint ID="SS-038" Target="9[1]">
					<Description>MSH-9 (Message Type) SHALL be the literal value: 'ADT^A03^ADT_A03' for Registration Messages</Description>
					<Assertion>
						<FORALL>
							<!-- First check that all values are present because PlainText returns true when something is not present -->
							<Presence Path="9[1].1[1]"/>
							<Presence Path="9[1].2[1]"/>
							<Presence Path="9[1].3[1]"/>
							<!-- now check the values -->
							<PlainText Path="9[1].1[1]" Text="ADT" IgnoreCase="false"/>
							<PlainText Path="9[1].2[1]" Text="A03" IgnoreCase="false"/>
							<PlainText Path="9[1].3[1]" Text="ADT_A03" IgnoreCase="false"/>
						</FORALL>
					</Assertion>
				</Constraint>
				<!-- MSH-15 -->
				<Constraint ID="NIST-SS-007" Target="15[1]">
					<Description>MSH-15 (Accept Acknowledgment Type) SHALL be the literal value: 'AL'.</Description>
					<Assertion>
						<PlainText Path="15[1]" Text="AL" IgnoreCase="false"/>
					</Assertion>
				</Constraint>
			</ByID>
			<ByID ID="MSH_SS_A03_NOACK">
				<!-- MSH-9 -->
				<Constraint ID="SS-038" Target="9[1]">
					<Description>MSH-9 (Message Type) SHALL be the literal value: 'ADT^A03^ADT_A03' for Registration Messages</Description>
					<Assertion>
						<FORALL>
							<!-- First check that all values are present because PlainText returns true when something is not present -->
							<Presence Path="9[1].1[1]"/>
							<Presence Path="9[1].2[1]"/>
							<Presence Path="9[1].3[1]"/>
							<!-- now check the values -->
							<PlainText Path="9[1].1[1]" Text="ADT" IgnoreCase="false"/>
							<PlainText Path="9[1].2[1]" Text="A03" IgnoreCase="false"/>
							<PlainText Path="9[1].3[1]" Text="ADT_A03" IgnoreCase="false"/>
						</FORALL>
					</Assertion>
				</Constraint>
				<!-- MSH-15 -->
				<Constraint ID="NIST-SS-008" Target="15[1]">
					<Description>MSH-15 (Accept Acknowledgment Type) SHALL be the literal value: 'NE'.</Description>
					<Assertion>
						<PlainText Path="15[1]" Text="NE" IgnoreCase="false"/>
					</Assertion>
				</Constraint>
			</ByID>
			<ByID ID="EVN_SS">
				<!-- EVN-2 -->
				<Constraint ID="SS-018" Target="2[1].1[1]">
					<Description>EVN-2.1 (Recorded Date/Time of Message.Time) SHALL be expressed with a minimum precision of the nearest minute, and be represented in the following format: 'YYYYMMDDHHMM[SS[.S[S[S[S]]]]] [+/- ZZZZ]'</Description>
					<Assertion>
						<Format Path="2[1].1[1]" Regex="([0-9]{12}.*)"/>
					</Assertion>
				</Constraint>
			</ByID>
			<ByName Name="PID">
				<!-- PID-1 -->
				<Constraint ID="SS-019" Target="1[1]">
					<Description>PID-1 (Set ID - PID) SHALL be valued with the constant value '1'.</Description>
					<Assertion>
						<PlainText Path="1[1]" Text="1" IgnoreCase="false"/>
					</Assertion>
				</Constraint>
				<!-- PID-5 -->
				<Constraint ID="SS-023" Target="5[1]">
					<Description>PID-5 (Patient Name) SHALL be valued as |~^^^^^^S| or |~^^^^^^U|). </Description>
					<Assertion>
						<FORALL>
							<NOT>
								<Presence Path="5[1]"/>
							</NOT>
							<NOT>
								<Presence Path="5[2].1[1]"/>
							</NOT>
							<NOT>
								<Presence Path="5[2].2[1]"/>
							</NOT>
							<NOT>
								<Presence Path="5[2].3[1]"/>
							</NOT>
							<NOT>
								<Presence Path="5[2].4[1]"/>
							</NOT>
							<NOT>
								<Presence Path="5[2].5[1]"/>
							</NOT>
							<NOT>
								<Presence Path="5[2].6[1]"/>
							</NOT>
							<Presence Path="5[2].7[1]"/>
							<StringList Path="5[2].7[1]" CSV="S,U"/>
						</FORALL>
					</Assertion>
				</Constraint>
				<!-- PID-29 -->
				<Constraint ID="SS-036" Target="29[1].1[1]">
					<Description>If valued, PID-29 (Patient Death and Time), SHALL be expressed with a minimum precision of the nearest minute and be represented in the following format:'YYYYMMDDHHMM[SS[.S[S[S[S]]]]][+/- ZZZZ]'</Description>
					<Assertion>
						<OR>
							<NOT>
								<Presence Path="29[1].1[1]"/>
							</NOT>
							<Format Path="29[1].1[1]" Regex="([0-9]{12}.*)"/>
						</OR>
					</Assertion>
				</Constraint>
			</ByName>
			<ByName Name="PV1">
				<!-- PV1-1 -->
				<Constraint ID="SS-024" Target="1[1]">
					<Description>PV1-1 (Set ID) SHALL be valued with the constant value '1'.</Description>
					<Assertion>
						<PlainText Path="1[1]" Text="1" IgnoreCase="false"/>
					</Assertion>
				</Constraint>
				<!-- PV1-19.5 -->
				<!-- <Constraint ID="SS-025">
					<Description>PV1-19.5 (Identifier Type Code) SHALL be valued to the Literal Value 'VN'.</Description>
					<Assertion>
						<AND>
							<Presence Path="19[1].5[1]"/>
							<PlainText Path="19[1].5[1]" Text="VN" IgnoreCase="false"/>
						</AND>
					</Assertion>
				</Constraint>-->
				<!-- PV1-44 -->
				<Constraint ID="SS-010" Target="44[1].1[1]">
					<Description>PV1-44.1 (Admit Date/Time.Time) SHALL be expressed with a minimum precision of the nearest minute and be represented in the following format: 'YYYYMMDDHHMM[SS[.S[S[S[S]]]]] [+/-ZZZZ]'</Description>
					<Assertion>
						<Format Path="44[1].1[1]" Regex="([0-9]{12}.*)"/>
					</Assertion>
				</Constraint>
				<!-- PV1-45 -->
				<Constraint ID="SS-045" Target="45[1].1[1]">
					<Description>PV1-45.1 (Discharge Date/Time.Time) SHALL be expressed with a minimum precision of the nearest minute and be represented in the following format: 'YYYYMMDDHHMM[SS[.S[S[S[S]]]]] [+/-ZZZZ]'</Description>
					<Assertion>
						<OR>
							<NOT>
								<Presence Path="45[1].1[1]"/>
							</NOT>
							<Format Path="45[1].1[1]" Regex="([0-9]{12}.*)"/>
						</OR>
					</Assertion>
				</Constraint>
			</ByName>
			<ById ID="PV2_SS">
				<!-- PV2-3 -->
				<Constraint ID="NIST-SS-009" Target="3[1].3[1]">
					<Description>PV2-3.3 SHALL be valued "I9CDX" or "I10" or "SCT".</Description>
					<Assertion>
						<StringList Path="3[1].3[1]" CSV="I9CDX,I10,SCT"/>
					</Assertion>
				</Constraint>
			</ById>
			<ByID ID="DG1_SS">
				<!-- DG1-1 -->
				<Constraint ID="SS-032" Target="1[1]">
					<Description>DG1-1 (Set ID) for the first occurrence of a DG1 Segment SHALL have the Literal Value of '1'.  Each following occurrence SHALL be numbered consecutively</Description>
					<Assertion>
						<SetID Path="1[1]"/>
					</Assertion>
				</Constraint>
				<!-- DG1-3 -->
				<Constraint ID="NIST-SS-010" Target="3[1].3[1]">
					<Description>DG1-3.3 SHALL be valued "I9CDX" or "I10" or "SCT".</Description>
					<Assertion>
						<StringList Path="3[1].3[1]" CSV="I9CDX,I10,SCT"/>
					</Assertion>
				</Constraint>
				<!-- DG1-6 -->
				<Constraint ID="SS-040" Target="6[1]">
					<Description>DG1-6 Diagnosis Type SHALL be either A (Admitting), F (Final) or W (Working).</Description>
					<Assertion>
						<StringList Path="6[1]" CSV="A,F,W"/>
					</Assertion>
				</Constraint>
			</ByID>
			<ByID ID="OBX_SS">
				<!-- OBX-1 -->
				<Constraint ID="SS-027" Target="1[1]">
					<Description>OBX-1(SetID) for the first instance of an OBX Segment SHALL have the Literal Value of '1'. Each following occurrence SHALL be numbered consecutively.</Description>
					<Assertion>
						<SetID Path="1[1]"/>
					</Assertion>
				</Constraint>
				<!-- OBX-6 -->
				<Constraint ID="SS-029" Target="6[1].1[1]">
					<Description>If OBX 3.1 (Observation Identifier) is valued with 21612-7 AGE-REPORTED (LOINC), then OBX-6.1 (Unit Identifier) SHALL be valued to a member of the set: PHVS_AgeUnit_SyndromicSurveillance</Description>
					<Assertion>
						<IMPLY>
							<AND>
								<Presence Path="3[1].1[1]"/>
								<PlainText Path="3[1].1[1]" Text="21612-7" IgnoreCase="false"/>
							</AND>
							<ValueSet Path="6[1]" ValueSetID="PHVS_AgeUnit_SyndromicSurveillance" BindingStrength="R" BindingLocation="1"/>
						</IMPLY>
					</Assertion>
				</Constraint>
				<Constraint ID="SS-030" Target="6[1].1[1]">
					<Description>If OBX 3.1 (Observation Identifier) is valued with 11289-6 BODY TEMPERATURE, INITIAL (LOINC), then OBX-6.1 (Unit Identifier) SHALL be valued to a member of the set: PHVS_TemperatureUnit_UCUM</Description>
					<Assertion>
						<IMPLY>
							<AND>
								<Presence Path="3[1].1[1]"/>
								<PlainText Path="3[1].1[1]" Text="11289-6" IgnoreCase="false"/>
							</AND>
							<ValueSet Path="6[1]" ValueSetID="PHVS_TemperatureUnit_UCUM" BindingStrength="R" BindingLocation="1"/>
						</IMPLY>
					</Assertion>
				</Constraint>
				<Constraint ID="SS-031" Target="6[1].1[1]">
					<Description>If OBX 3.1 (Observation Identifier) is valued with 59408-5 OXYGEN SATURATION IN ARTERIAL BLOOD BY PULSE OXIMETRY (LOINC),, then OBX-6.1 (Unit Identifier) SHALL be valued to a member of the set: PHVS_TemperatureUnit_UCUM.</Description>
					<Assertion>
						<IMPLY>
							<AND>
								<Presence Path="3[1].1[1]"/>
								<PlainText Path="3[1].1[1]" Text="59408-5" IgnoreCase="false"/>
							</AND>
							<ValueSet Path="6[1]" ValueSetID="PHVS_PulseOximetryUnit_UCUM" BindingStrength="R" BindingLocation="1"/>
						</IMPLY>
					</Assertion>
				</Constraint>
				<Constraint ID="NIST-SS-011" Target="3[1]">
					<Description>If OBX 3.1 (Observation Identifier) is valued with 8661-1 CHIEF COMPLAINT–REPORTED (LOINC), then OBX-2 (Value Type) SHALL be valued 'TX'.</Description>
					<Assertion>
						<IMPLY>
							<FORALL>
								<Presence Path="3[1].1[1]"/>
								<PlainText Path="3[1].1[1]" Text="8661-1" IgnoreCase="false"/>
								<Presence Path="3[1].3[1]"/>
								<PlainText Path="3[1].3[1]" Text="LN" IgnoreCase="false"/>
							</FORALL>
							<PlainText Path="2[1]" Text="TX" IgnoreCase="false"/>
						</IMPLY>
					</Assertion>
				</Constraint>
				<Constraint ID="NIST-SS-012" Target="3[1]">
					<Description>If OBX 3.1 (Observation Identifier) is valued with SS002 TREATING FACILITY LOCATION (PHINQUESTION), then OBX-2 (Value Type) SHALL be valued 'XAD'.</Description>
					<Assertion>
						<IMPLY>
							<FORALL>
								<Presence Path="3[1].1[1]"/>
								<PlainText Path="3[1].1[1]" Text="SS002" IgnoreCase="false"/>
								<Presence Path="3[1].3[1]"/>
								<PlainText Path="3[1].3[1]" Text="PHINQUESTION" IgnoreCase="false"/>
							</FORALL>
							<PlainText Path="2[1]" Text="XAD" IgnoreCase="false"/>
						</IMPLY>
					</Assertion>
				</Constraint>
				
			</ByID>
			<ByID ID="PR1_SS">
				<!-- PR1-1 -->
				<Constraint ID="SS-034" Target="1[1]">
					<Description>PR1-1(SetID) for the first instance of an PR1 Segment SHALL have the Literal Value of '1'. Each following occurrence SHALL be numbered consecutively.</Description>
					<Assertion>
						<SetID Path="1[1]"/>
					</Assertion>
				</Constraint>
			</ByID>
			<ByID ID="IN1_SS">
				<!-- IN1-1 -->
				<Constraint ID="NIST-SS-013" Target="1[1]">
					<Description>IN1-1(SetID) for the first instance of an IN1 Segment SHALL have the Literal Value of '1'. Each following occurrence SHALL be numbered consecutively.</Description>
					<Assertion>
						<SetID Path="1[1]"/>
					</Assertion>
				</Constraint>
			</ByID>
		</Segment>
		<Group/>
		<Message>
			<!-- ADT_A01 -->
			<ByName Name="ADT_A01">
				<!-- PID-30 -->
				<Constraint ID="SS-037" Target="4[1].30[1]">
					<Description>If PV1-36 (Discharge Disposition) is valued with any of the following: '20', '40', '41', '42' then PID-30 (Patient Death Indicator) SHALL be valued to the Literal Value 'Y'. </Description>
					<Assertion>
						<IMPLY>
							<AND>
								<Presence Path="8[1].36[1]"/>
								<StringList Path="8[1].36[1]" CSV="20,40,41,42"/>
							</AND>
							<PlainText Path="4[1].30[1]" Text="Y" IgnoreCase="false"/>
						</IMPLY>
					</Assertion>
				</Constraint>
			</ByName>
			<!-- ADT_A03 -->
			<ByName Name="ADT_A03">
				<!-- PID-30 -->
				<Constraint ID="SS-037" Target="4[1].30[1]">
					<Description>If PV1-36 (Discharge Disposition) is valued with any of the following: '20', '40', '41', '42' then PID-30 (Patient Death Indicator) SHALL be valued to the Literal Value 'Y'. </Description>
					<Assertion>
						<IMPLY>
							<AND>
								<Presence Path="8[1].36[1]"/>
								<StringList Path="8[1].36[1]" CSV="20,40,41,42"/>
							</AND>
							<PlainText Path="4[1].30[1]" Text="Y" IgnoreCase="false"/>
						</IMPLY>
					</Assertion>
				</Constraint>
			</ByName>
			<!-- ADT_A04 -->
			<ByName Name="ADT_A04">
				<!-- PID-30 -->
				<Constraint ID="SS-037" Target="4[1].30[1]">
					<Description>If PV1-36 (Discharge Disposition) is valued with any of the following: '20', '40', '41', '42' then PID-30 (Patient Death Indicator) SHALL be valued to the Literal Value 'Y'. </Description>
					<Assertion>
						<IMPLY>
							<AND>
								<Presence Path="8[1].36[1]"/>
								<StringList Path="8[1].36[1]" CSV="20,40,41,42"/>
							</AND>
							<PlainText Path="4[1].30[1]" Text="Y" IgnoreCase="false"/>
						</IMPLY>
					</Assertion>
				</Constraint>
			</ByName>
			<!-- ADT_A08 -->
			<ByName Name="ADT_A08">
				<!-- PID-30 -->
				<Constraint ID="SS-037" Target="4[1].30[1]">
					<Description>If PV1-36 (Discharge Disposition) is valued with any of the following: '20', '40', '41', '42' then PID-30 (Patient Death Indicator) SHALL be valued to the Literal Value 'Y'. </Description>
					<Assertion>
						<IMPLY>
							<AND>
								<Presence Path="8[1].36[1]"/>
								<StringList Path="8[1].36[1]" CSV="20,40,41,42"/>
							</AND>
							<PlainText Path="4[1].30[1]" Text="Y" IgnoreCase="false"/>
						</IMPLY>
					</Assertion>
				</Constraint>
			</ByName>
			<!-- PH_SS-Ack -->
			<ByID ID="0d741773-619a-4ec1-b6c2-2589faa75b92">
				<Constraint ID="SS-017-ack" Target="1[1].21[1]">
					<Description>An instance of MSH.21 (Message Profile Identifier) SHALL contain the constant value: PH_SS-Ack^SS Sender^2.16.840.1.114222.4.10.3^ISO</Description>
					<Assertion>
						<Plugin QualifiedClassName="gov.nist.healthcare.mu.ss.custom.SS_017_ACK"/>
					</Assertion>
				</Constraint>
			</ByID>
			<ByID ID="52f1dab8-d538-4c7e-b71b-39619b94c3bf">
				<Constraint ID="SS-017-ack" Target="1[1].21[1]">
					<Description>An instance of MSH.21 (Message Profile Identifier) SHALL contain the constant value: PH_SS-Ack^SS Sender^2.16.840.1.114222.4.10.3^ISO</Description>
					<Assertion>
						<Plugin QualifiedClassName="gov.nist.healthcare.mu.ss.custom.SS_017_ACK"/>
					</Assertion>
				</Constraint>
			</ByID>
			<ByID ID="0d741773-619a-4ec1-b6c2-2589faa75b93">
				<Constraint ID="SS-017-ack" Target="1[1].21[1]">
					<Description>An instance of MSH.21 (Message Profile Identifier) SHALL contain the constant value: PH_SS-Ack^SS Sender^2.16.840.1.114222.4.10.3^ISO</Description>
					<Assertion>
						<Plugin QualifiedClassName="gov.nist.healthcare.mu.ss.custom.SS_017_ACK"/>
					</Assertion>
				</Constraint>			
			</ByID>
			<ByID ID="0d741773-619a-4ec1-b6c2-2589faa75b94">
				<Constraint ID="SS-017-ack" Target="1[1].21[1]">
					<Description>An instance of MSH.21 (Message Profile Identifier) SHALL contain the constant value: PH_SS-Ack^SS Sender^2.16.840.1.114222.4.10.3^ISO</Description>
					<Assertion>
						<Plugin QualifiedClassName="gov.nist.healthcare.mu.ss.custom.SS_017_ACK"/>
					</Assertion>
				</Constraint>
			</ByID>
			<!-- PH_SS-NoAck -->
			<ByID ID="0d741773-619a-4ec1-b6c2-2589faa75b92-2">
				<Constraint ID="SS-017-ack" Target="1[1].21[1]">
					<Description>An instance of MSH.21 (Message Profile Identifier) SHALL contain the constant value: PH_SS-Ack^SS Sender^2.16.840.1.114222.4.10.3^ISO</Description>
					<Assertion>
						<Plugin QualifiedClassName="gov.nist.healthcare.mu.ss.custom.SS_017_NO_ACK"/>
					</Assertion>
				</Constraint>
			</ByID>
			<ByID ID="52f1dab8-d538-4c7e-b71b-39619b94c3bf-2">
				<Constraint ID="SS-017-ack" Target="1[1].21[1]">
					<Description>An instance of MSH.21 (Message Profile Identifier) SHALL contain the constant value: PH_SS-Ack^SS Sender^2.16.840.1.114222.4.10.3^ISO</Description>
					<Assertion>
						<Plugin QualifiedClassName="gov.nist.healthcare.mu.ss.custom.SS_017_NO_ACK"/>
					</Assertion>
				</Constraint>
			</ByID>
			<ByID ID="0d741773-619a-4ec1-b6c2-2589faa75b93-2">
				<Constraint ID="SS-017-ack" Target="1[1].21[1]">
					<Description>An instance of MSH.21 (Message Profile Identifier) SHALL contain the constant value: PH_SS-Ack^SS Sender^2.16.840.1.114222.4.10.3^ISO</Description>
					<Assertion>
						<Plugin QualifiedClassName="gov.nist.healthcare.mu.ss.custom.SS_017_NO_ACK"/>
					</Assertion>
				</Constraint>			
			</ByID>
			<ByID ID="0d741773-619a-4ec1-b6c2-2589faa75b94-2">
				<Constraint ID="SS-017-ack" Target="1[1].21[1]">
					<Description>An instance of MSH.21 (Message Profile Identifier) SHALL contain the constant value: PH_SS-Ack^SS Sender^2.16.840.1.114222.4.10.3^ISO</Description>
					<Assertion>
						<Plugin QualifiedClassName="gov.nist.healthcare.mu.ss.custom.SS_017_NO_ACK"/>
					</Assertion>
				</Constraint>
			</ByID>
		</Message>
	</Constraints>
</ConformanceContext>
