<?xml version="1.0" encoding="UTF-8"?>

<!-- 2013-01-24 15:26:38 updated by JY, V1.0 -->
<HL7v2xConformanceProfile HL7Version="2.3.1" ProfileType="Constrainable"> 
  <MetaData Date="01/24/2013" Name="PIX" OrgName="NIST" Status="Informative" Topics="confsig-a-2.3.1-profile-accNE_accAL-Deferred" Version="2.3.1"/>  
  <Encodings> 
    <Encoding>ER7</Encoding> 
  </Encodings>  
  <DynamicDef AccAck="NE" AppAck="AL" MsgAckMode="Immediate"/>  
  <HL7v2xStaticDef EventDesc="ADT/ACK -  Update patient information" EventType="A08" MsgStructID="ACK" MsgType="ACK" Role="Sender"> 
    <MetaData Date="01/24/2013" Name="PIX" OrgName="NIST" Status="Informative" Topics="confsig-a-2.3.1-profile-accNE_accAL-Deferred" Version="2.3.1"/>  
    <Segment LongName="message header segment" Max="1" Min="1" Name="MSH" Usage="R">
      <Field Datatype="ST" ItemNo="00001" Length="1" Max="1" Min="1" Name="Field Separator" Usage="R"/>
      <Field Datatype="ST" ItemNo="00002" Length="4" Max="1" Min="1" Name="Encoding Characters" Usage="R"/>
      <Field Datatype="HD_ITI" ItemNo="00003" Length="180" Max="1" Min="1" Name="Sending Application" Table="0361" Usage="R">
        <Component Datatype="IS" Length="20" Name="namespace ID" Table="0300" Usage="R"/>
        <Component Datatype="ST" Length="199" Name="universal ID" PredicateFalseUsage="X" PredicateTrueUsage="R" Usage="C">
          <Predicate> 
            <EnglishDescription>If HD_ITI.3 (Universal ID Type) is valued.</EnglishDescription>  
            <Condition> 
              <Valued location="./3"/> 
            </Condition> 
          </Predicate>
        </Component>
        <Component Datatype="ID" Length="6" Name="universal ID type" PredicateFalseUsage="X" PredicateTrueUsage="R" Table="0301" Usage="C">
          <Predicate> 
            <EnglishDescription>If HD_ITI.2 (Universal ID) is valued.</EnglishDescription>  
            <Condition> 
              <Valued location="./2"/> 
            </Condition> 
          </Predicate>
          <ConformanceStatement Profile="Base" id="PIX_PDQ_001"> 
            <EnglishDescription>HD_ITI.3 (Universal ID Type) SHALL be valued "ISO".</EnglishDescription>  
            <Assertion> 
              <PlainText location="." value="ISO"/> 
            </Assertion> 
          </ConformanceStatement>
        </Component>
      </Field>
      <Field Datatype="HD_ITI" ItemNo="00004" Length="180" Max="1" Min="1" Name="Sending Facility" Table="0362" Usage="R">
        <Component Datatype="IS" Length="20" Name="namespace ID" Table="0300" Usage="R"/>
        <Component Datatype="ST" Length="199" Name="universal ID" PredicateFalseUsage="X" PredicateTrueUsage="R" Usage="C">
          <Predicate> 
            <EnglishDescription>If HD_ITI.3 (Universal ID Type) is valued.</EnglishDescription>  
            <Condition> 
              <Valued location="./3"/> 
            </Condition> 
          </Predicate>
        </Component>
        <Component Datatype="ID" Length="6" Name="universal ID type" PredicateFalseUsage="X" PredicateTrueUsage="R" Table="0301" Usage="C">
          <Predicate> 
            <EnglishDescription>If HD_ITI.2 (Universal ID) is valued.</EnglishDescription>  
            <Condition> 
              <Valued location="./2"/> 
            </Condition> 
          </Predicate>
          <ConformanceStatement Profile="Base" id="PIX_PDQ_001"> 
            <EnglishDescription>HD_ITI.3 (Universal ID Type) SHALL be valued "ISO".</EnglishDescription>  
            <Assertion> 
              <PlainText location="." value="ISO"/> 
            </Assertion> 
          </ConformanceStatement>
        </Component>
      </Field>
      <Field Datatype="HD_ITI" ItemNo="00005" Length="180" Max="1" Min="1" Name="Receiving Application" Table="0361" Usage="R">
        <Component Datatype="IS" Length="20" Name="namespace ID" Table="0300" Usage="R"/>
        <Component Datatype="ST" Length="199" Name="universal ID" PredicateFalseUsage="X" PredicateTrueUsage="R" Usage="C">
          <Predicate> 
            <EnglishDescription>If HD_ITI.3 (Universal ID Type) is valued.</EnglishDescription>  
            <Condition> 
              <Valued location="./3"/> 
            </Condition> 
          </Predicate>
        </Component>
        <Component Datatype="ID" Length="6" Name="universal ID type" PredicateFalseUsage="X" PredicateTrueUsage="R" Table="0301" Usage="C">
          <Predicate> 
            <EnglishDescription>If HD_ITI.2 (Universal ID) is valued.</EnglishDescription>  
            <Condition> 
              <Valued location="./2"/> 
            </Condition> 
          </Predicate>
          <ConformanceStatement Profile="Base" id="PIX_PDQ_001"> 
            <EnglishDescription>HD_ITI.3 (Universal ID Type) SHALL be valued "ISO".</EnglishDescription>  
            <Assertion> 
              <PlainText location="." value="ISO"/> 
            </Assertion> 
          </ConformanceStatement>
        </Component>
      </Field>
      <Field Datatype="HD_ITI" ItemNo="00006" Length="180" Max="1" Min="1" Name="Receiving Facility" Table="0362" Usage="R">
        <Component Datatype="IS" Length="20" Name="namespace ID" Table="0300" Usage="R"/>
        <Component Datatype="ST" Length="199" Name="universal ID" PredicateFalseUsage="X" PredicateTrueUsage="R" Usage="C">
          <Predicate> 
            <EnglishDescription>If HD_ITI.3 (Universal ID Type) is valued.</EnglishDescription>  
            <Condition> 
              <Valued location="./3"/> 
            </Condition> 
          </Predicate>
        </Component>
        <Component Datatype="ID" Length="6" Name="universal ID type" PredicateFalseUsage="X" PredicateTrueUsage="R" Table="0301" Usage="C">
          <Predicate> 
            <EnglishDescription>If HD_ITI.2 (Universal ID) is valued.</EnglishDescription>  
            <Condition> 
              <Valued location="./2"/> 
            </Condition> 
          </Predicate>
          <ConformanceStatement Profile="Base" id="PIX_PDQ_001"> 
            <EnglishDescription>HD_ITI.3 (Universal ID Type) SHALL be valued "ISO".</EnglishDescription>  
            <Assertion> 
              <PlainText location="." value="ISO"/> 
            </Assertion> 
          </ConformanceStatement>
        </Component>
      </Field>
      <Field Datatype="TS_ITI" ItemNo="00007" Length="26" Max="1" Min="1" Name="Date/Time Of Message" Usage="R">
        <Component Datatype="DTM" Length="24" Name="Date/Time" Usage="R">
          <ConformanceStatement Profile="Base" id="PIX_PDQ_002"> 
            <EnglishDescription>TS_ITI.1 (Time) SHALL follow the format YYYY[MM[DD[HH[MM[SS[.S[S[S[S]]]]]]]]][+/-ZZZZ].</EnglishDescription>  
            <Assertion> 
              <Regex location="." regex="([0-9]{4})(((0[1-9])|(1[0-2]))(((0[1-9])|([1-2][0-9])|(3[0-1]))((([0-1][0-9])|(2[0-3]))(([0-5][0-9])(([0-5][0-9])((\.[0-9]{1,4})){0,1}){0,1}){0,1}){0,1}){0,1}){0,1}((\+|\-)[0-9]{4}){0,1}"/> 
            </Assertion> 
          </ConformanceStatement>
        </Component>
        <Component Datatype="ST" Length="1" Name="degree of precision" Usage="X"/>
      </Field>
      <Field Datatype="ST" ItemNo="00008" Length="40" Max="1" Min="1" Name="Security" Usage="O"/>
      <Field Datatype="CM_MSG" ItemNo="00009" Length="11" Max="1" Min="1" Name="Message Type" Table="0076" Usage="R">
        <Component Datatype="ID" Length="3" Name="message type" Table="0076" Usage="R">
          <ConformanceStatement Profile="Base" id="ACK_A08_001"> 
            <EnglishDescription>MSH-9.1 SHALL be valued "ACK".</EnglishDescription>  
            <Assertion> 
              <PlainText location="." value="ACK"/> 
            </Assertion> 
          </ConformanceStatement>
        </Component>
        <Component Datatype="ID" Length="3" Name="trigger event" Table="0003" Usage="R">
          <ConformanceStatement Profile="Base" id="ACK_A08_002"> 
            <EnglishDescription>MSH-9.2 SHALL be valued "A08".</EnglishDescription>  
            <Assertion> 
              <PlainText location="." value="A08"/> 
            </Assertion> 
          </ConformanceStatement>
        </Component>
        <Component Datatype="ID" Length="7" Name="message structure" Table="0354" Usage="O">
          <ConformanceStatement Profile="Base" id="ACK_A08_003"> 
            <EnglishDescription>MSH-9.3 SHALL be valued "ACK" when present.</EnglishDescription>  
            <Assertion> 
              <PlainText location="." value="ACK"/> 
            </Assertion> 
          </ConformanceStatement>
        </Component>
      </Field>
      <Field Datatype="ST" ItemNo="00010" Length="20" Max="1" Min="1" Name="Message Control ID" Usage="R"/>
      <Field Datatype="PT" ItemNo="00011" Length="7" Max="1" Min="1" Name="Processing ID" Table="0103" Usage="R">
        <Component Datatype="ID" Length="1" Name="processing ID" Usage="O"/>
        <Component Datatype="ID" Length="1" Name="processing mode" Usage="O"/>
      </Field>
      <Field Datatype="VID" ItemNo="00012" Length="60" Max="1" Min="1" Name="Version ID" Table="0104" Usage="R">
        <Component Datatype="ID" Length="5" Name="version ID" Usage="O">
          <ConformanceStatement Profile="Base" id="ACK_A08_004"> 
            <EnglishDescription>MSH-12.1 SHALL be valued "2.3.1".</EnglishDescription>  
            <Assertion> 
              <PlainText location="." value="2.3.1"/> 
            </Assertion> 
          </ConformanceStatement>
        </Component>
        <Component Datatype="CE" Length="483" Name="internationalization code" Usage="O">
          <SubComponent Datatype="ST" Name="identifier" Usage="O"/>
          <SubComponent Datatype="ST" Name="text" Usage="O"/>
          <SubComponent Datatype="ST" Name="name of coding system" Usage="O"/>
          <SubComponent Datatype="ST" Name="alternate identifier" Usage="O"/>
          <SubComponent Datatype="ST" Name="alternate text" Usage="O"/>
          <SubComponent Datatype="ST" Name="name of alternate coding system" Usage="O"/>
        </Component>
        <Component Datatype="CE" Length="483" Name="international version ID" Usage="O">
          <SubComponent Datatype="ST" Name="identifier" Usage="O"/>
          <SubComponent Datatype="ST" Name="text" Usage="O"/>
          <SubComponent Datatype="ST" Name="name of coding system" Usage="O"/>
          <SubComponent Datatype="ST" Name="alternate identifier" Usage="O"/>
          <SubComponent Datatype="ST" Name="alternate text" Usage="O"/>
          <SubComponent Datatype="ST" Name="name of alternate coding system" Usage="O"/>
        </Component>
      </Field>
      <Field Datatype="NM" ItemNo="00013" Length="15" Max="1" Min="0" Name="Sequence Number" Usage="O"/>
      <Field Datatype="ST" ItemNo="00014" Length="180" Max="1" Min="0" Name="Continuation Pointer" Usage="O"/>
      <Field Datatype="ID" ItemNo="00015" Length="2" Max="1" Min="0" Name="Accept Acknowledgment Type" Table="0155" Usage="O"/>
      <Field Datatype="ID" ItemNo="00016" Length="2" Max="1" Min="0" Name="Application Acknowledgment Type" Table="0155" Usage="O"/>
      <Field Datatype="ID" ItemNo="00017" Length="2" Max="1" Min="0" Name="Country Code" Table="0399" Usage="O"/>
      <Field Datatype="ID" ItemNo="00692" Length="16" Max="*" Min="0" Name="Character Set" Table="0211" Usage="C"/>
      <Field Datatype="CE" ItemNo="00693" Length="60" Max="1" Min="0" Name="Principal Language Of Message" Usage="O">
        <Component Datatype="ST" Length="20" Name="identifier" Usage="O"/>
        <Component Datatype="ST" Length="199" Name="text" Usage="O"/>
        <Component Datatype="ST" Length="20" Name="name of coding system" Usage="O"/>
        <Component Datatype="ST" Length="20" Name="alternate identifier" Usage="O"/>
        <Component Datatype="ST" Length="199" Name="alternate text" Usage="O"/>
        <Component Datatype="ST" Length="20" Name="name of alternate coding system" Usage="O"/>
      </Field>
      <Field Datatype="ID" ItemNo="01317" Length="20" Max="1" Min="0" Name="Alternate Character Set Handling Scheme" Table="0356" Usage="O"/>
    </Segment>  
    <Segment LongName="message acknowledgment segment" Max="1" Min="1" Name="MSA" Usage="R">
      <Field Datatype="ID" ItemNo="00018" Length="2" Max="1" Min="1" Name="Acknowledgment Code" Table="0008" Usage="R"/>
      <Field Datatype="ST" ItemNo="00010" Length="20" Max="1" Min="1" Name="Message Control ID" Usage="R"/>
      <Field Datatype="ST" ItemNo="00020" Length="80" Max="0" Min="0" Name="Text Message" Usage="X"/>
      <Field Datatype="NM" ItemNo="00021" Length="15" Max="1" Min="0" Name="Expected Sequence Number" Usage="O"/>
      <Field Datatype="ID" ItemNo="00022" Length="1" Max="0" Min="0" Name="Delayed Acknowledgment Type" Table="0102" Usage="X"/>
      <Field Datatype="CE" ItemNo="00023" Length="100" Max="0" Min="0" Name="Error Condition" Usage="X"/>
    </Segment>  
    <Segment LongName="error segment" Max="1" Min="0" Name="ERR" Usage="C">
      <Field Datatype="CM_ELD" ItemNo="00024" Length="80" Max="*" Min="1" Name="Error Code and Location" Usage="R">
        <Component Datatype="ST" Length="3" Name="segment ID" Usage="O"/>
        <Component Datatype="NM" Length="16" Name="sequence" Usage="O"/>
        <Component Datatype="NM" Length="16" Name="field position" Usage="O"/>
        <Component Datatype="CE" Length="3" Name="code identifying error" Table="0357" Usage="O">
          <SubComponent Datatype="ST" Name="identifier" Usage="O"/>
          <SubComponent Datatype="ST" Name="text" Usage="O"/>
          <SubComponent Datatype="ST" Name="name of coding system" Usage="O"/>
          <SubComponent Datatype="ST" Name="alternate identifier" Usage="O"/>
          <SubComponent Datatype="ST" Name="alternate text" Usage="O"/>
          <SubComponent Datatype="ST" Name="name of alternate coding system" Usage="O"/>
        </Component>
      </Field>
    </Segment> 
  </HL7v2xStaticDef> 
</HL7v2xConformanceProfile>
