<?xml version="1.0" encoding="UTF-8"?>

<!-- 2013-01-24 15:34:28 updated by JY, V1.0 -->
<HL7v2xConformanceProfile HL7Version="2.5" ProfileType="Constrainable"> 
  <MetaData Date="01/24/2013" Name="PIX" OrgName="NIST" Status="Informative" Topics="confsig-a-2.5-profile-accNE_accAL-Deferred" Version="2.5"/>  
  <Encodings> 
    <Encoding>ER7</Encoding> 
  </Encodings>  
  <DynamicDef AccAck="NE" AppAck="AL" MsgAckMode="Deferred"/>  
  <HL7v2xStaticDef EventDesc="RSP - Get corresponding identifiers response" EventType="K23" MsgStructID="RSP_K23" MsgType="RSP" Role="Sender"> 
    <MetaData Date="01/24/2013" Name="PIX" OrgName="NIST" Status="Informative" Topics="confsig-a-2.5-profile-accNE_accAL-Deferred" Version="2.5"/>  
    <Segment LongName="Message Header" Max="1" Min="1" Name="MSH" Usage="R">
      <Field Datatype="ST" ItemNo="00001" Length="1" Max="1" Min="1" Name="Field Separator" Usage="R"/>
      <Field Datatype="ST" ItemNo="00002" Length="4" Max="1" Min="1" Name="Encoding Characters" Usage="R"/>
      <Field Datatype="HD_ITI" ItemNo="00003" Length="180" Max="1" Min="0" Name="Sending Application" Table="0361" Usage="R">
        <Component Datatype="IS" Length="20" Name="namespace ID" Table="0300" Usage="R"/>
        <Component Datatype="ST" Length="199" Name="universal ID" PredicateFalseUsage="X" PredicateTrueUsage="R" Usage="C">
          <Predicate> 
            <EnglishDescription>If HD_ITI.3 (Universal ID Type) is valued.</EnglishDescription>  
            <Condition> 
              <Valued location="./3"/> 
            </Condition> 
          </Predicate>
        </Component>
        <Component Datatype="ID" Length="6" Name="universal ID type" PredicateFalseUsage="X" PredicateTrueUsage="R" Table="0301" Usage="C">
          <Predicate> 
            <EnglishDescription>If HD_ITI.2 (Universal ID) is valued.</EnglishDescription>  
            <Condition> 
              <Valued location="./2"/> 
            </Condition> 
          </Predicate>
          <ConformanceStatement Profile="Base" id="PIX_PDQ_001"> 
            <EnglishDescription>HD_ITI.3 (Universal ID Type) SHALL be valued "ISO".</EnglishDescription>  
            <Assertion> 
              <PlainText location="." value="ISO"/> 
            </Assertion> 
          </ConformanceStatement>
        </Component>
      </Field>
      <Field Datatype="HD_ITI" ItemNo="00004" Length="180" Max="1" Min="0" Name="Sending Facility" Table="0362" Usage="R">
        <Component Datatype="IS" Length="20" Name="namespace ID" Table="0300" Usage="R"/>
        <Component Datatype="ST" Length="199" Name="universal ID" PredicateFalseUsage="X" PredicateTrueUsage="R" Usage="C">
          <Predicate> 
            <EnglishDescription>If HD_ITI.3 (Universal ID Type) is valued.</EnglishDescription>  
            <Condition> 
              <Valued location="./3"/> 
            </Condition> 
          </Predicate>
        </Component>
        <Component Datatype="ID" Length="6" Name="universal ID type" PredicateFalseUsage="X" PredicateTrueUsage="R" Table="0301" Usage="C">
          <Predicate> 
            <EnglishDescription>If HD_ITI.2 (Universal ID) is valued.</EnglishDescription>  
            <Condition> 
              <Valued location="./2"/> 
            </Condition> 
          </Predicate>
          <ConformanceStatement Profile="Base" id="PIX_PDQ_001"> 
            <EnglishDescription>HD_ITI.3 (Universal ID Type) SHALL be valued "ISO".</EnglishDescription>  
            <Assertion> 
              <PlainText location="." value="ISO"/> 
            </Assertion> 
          </ConformanceStatement>
        </Component>
      </Field>
      <Field Datatype="HD_ITI" ItemNo="00005" Length="180" Max="1" Min="0" Name="Receiving Application" Table="0361" Usage="R">
        <Component Datatype="IS" Length="20" Name="namespace ID" Table="0300" Usage="R"/>
        <Component Datatype="ST" Length="199" Name="universal ID" PredicateFalseUsage="X" PredicateTrueUsage="R" Usage="C">
          <Predicate> 
            <EnglishDescription>If HD_ITI.3 (Universal ID Type) is valued.</EnglishDescription>  
            <Condition> 
              <Valued location="./3"/> 
            </Condition> 
          </Predicate>
        </Component>
        <Component Datatype="ID" Length="6" Name="universal ID type" PredicateFalseUsage="X" PredicateTrueUsage="R" Table="0301" Usage="C">
          <Predicate> 
            <EnglishDescription>If HD_ITI.2 (Universal ID) is valued.</EnglishDescription>  
            <Condition> 
              <Valued location="./2"/> 
            </Condition> 
          </Predicate>
          <ConformanceStatement Profile="Base" id="PIX_PDQ_001"> 
            <EnglishDescription>HD_ITI.3 (Universal ID Type) SHALL be valued "ISO".</EnglishDescription>  
            <Assertion> 
              <PlainText location="." value="ISO"/> 
            </Assertion> 
          </ConformanceStatement>
        </Component>
      </Field>
      <Field Datatype="HD_ITI" ItemNo="00006" Length="180" Max="1" Min="0" Name="Receiving Facility" Table="0362" Usage="R">
        <Component Datatype="IS" Length="20" Name="namespace ID" Table="0300" Usage="R"/>
        <Component Datatype="ST" Length="199" Name="universal ID" PredicateFalseUsage="X" PredicateTrueUsage="R" Usage="C">
          <Predicate> 
            <EnglishDescription>If HD_ITI.3 (Universal ID Type) is valued.</EnglishDescription>  
            <Condition> 
              <Valued location="./3"/> 
            </Condition> 
          </Predicate>
        </Component>
        <Component Datatype="ID" Length="6" Name="universal ID type" PredicateFalseUsage="X" PredicateTrueUsage="R" Table="0301" Usage="C">
          <Predicate> 
            <EnglishDescription>If HD_ITI.2 (Universal ID) is valued.</EnglishDescription>  
            <Condition> 
              <Valued location="./2"/> 
            </Condition> 
          </Predicate>
          <ConformanceStatement Profile="Base" id="PIX_PDQ_001"> 
            <EnglishDescription>HD_ITI.3 (Universal ID Type) SHALL be valued "ISO".</EnglishDescription>  
            <Assertion> 
              <PlainText location="." value="ISO"/> 
            </Assertion> 
          </ConformanceStatement>
        </Component>
      </Field>
      <Field Datatype="TS_ITI" ItemNo="00007" Length="26" Max="1" Min="1" Name="Date/Time Of Message" Usage="R">
        <Component Datatype="DTM" Length="24" Name="Date/Time" Usage="R">
          <ConformanceStatement Profile="Base" id="PIX_PDQ_002"> 
            <EnglishDescription>TS_ITI.1 (Time) SHALL follow the format YYYY[MM[DD[HH[MM[SS[.S[S[S[S]]]]]]]]][+/-ZZZZ].</EnglishDescription>  
            <Assertion> 
              <Regex location="." regex="([0-9]{4})(((0[1-9])|(1[0-2]))(((0[1-9])|([1-2][0-9])|(3[0-1]))((([0-1][0-9])|(2[0-3]))(([0-5][0-9])(([0-5][0-9])((\.[0-9]{1,4})){0,1}){0,1}){0,1}){0,1}){0,1}){0,1}((\+|\-)[0-9]{4}){0,1}"/> 
            </Assertion> 
          </ConformanceStatement>
        </Component>
        <Component Datatype="ST" Length="1" Name="degree of precision" Usage="X"/>
      </Field>
      <Field Datatype="ST" ItemNo="00008" Length="40" Max="1" Min="0" Name="Security" Usage="O"/>
      <Field Datatype="MSG" ItemNo="00009" Length="15" Max="1" Min="1" Name="Message Type" Usage="R">
        <Component Datatype="ID" Length="3" Name="message code" Table="0076" Usage="R">
          <ConformanceStatement Profile="Base" id="RSP_K23_001"> 
            <EnglishDescription>MSH-9.1 SHALL be valued RSP</EnglishDescription>  
            <Assertion> 
              <PlainText location="." value="RSP"/> 
            </Assertion> 
          </ConformanceStatement>
        </Component>
        <Component Datatype="ID" Length="3" Name="trigger event" Table="0003" Usage="R">
          <ConformanceStatement Profile="Base" id="RSP_K23_002"> 
            <EnglishDescription>MSH-9.2 SHALL be valued K23</EnglishDescription>  
            <Assertion> 
              <PlainText location="." value="K23"/> 
            </Assertion> 
          </ConformanceStatement>
        </Component>
        <Component Datatype="ID" Length="7" Name="message structure" Table="0354" Usage="R">
          <ConformanceStatement Profile="Base" id="RSP_K23_003"> 
            <EnglishDescription>MSH-9.3 SHALL be valued RSP_K23</EnglishDescription>  
            <Assertion> 
              <PlainText location="." value="RSP_K23"/> 
            </Assertion> 
          </ConformanceStatement>
        </Component>
      </Field>
      <Field Datatype="ST" ItemNo="00010" Length="20" Max="1" Min="1" Name="Message Control ID" Usage="R"/>
      <Field Datatype="PT" ItemNo="00011" Length="3" Max="1" Min="1" Name="Processing ID" Usage="R">
        <Component Datatype="ID" Length="1" Name="processing ID" Table="0103" Usage="O"/>
        <Component Datatype="ID" Length="1" Name="processing mode" Table="0207" Usage="O"/>
      </Field>
      <Field Datatype="VID" ItemNo="00012" Length="60" Max="1" Min="1" Name="Version ID" Table="0104" Usage="R">
        <Component Datatype="ID" Length="5" Name="version ID" Table="0104" Usage="O">
          <ConformanceStatement Profile="Base" id="RSP_K23_004"> 
            <EnglishDescription>MSH-12.1 SHALL be valued "2.5".</EnglishDescription>  
            <Assertion> 
              <PlainText location="." value="2.5"/> 
            </Assertion> 
          </ConformanceStatement>
        </Component>
        <Component Datatype="CE" Length="483" Name="internationalization code" Table="0399" Usage="O">
          <SubComponent Datatype="ST" Name="identifier" Usage="O"/>
          <SubComponent Datatype="ST" Name="text" Usage="O"/>
          <SubComponent Datatype="ID" Name="name of coding system" Table="0396" Usage="O"/>
          <SubComponent Datatype="ST" Name="alternate identifier" Usage="O"/>
          <SubComponent Datatype="ST" Name="alternate text" Usage="O"/>
          <SubComponent Datatype="ID" Name="name of alternate coding system" Table="0396" Usage="O"/>
        </Component>
        <Component Datatype="CE" Length="483" Name="international version ID" Usage="O">
          <SubComponent Datatype="ST" Name="identifier" Usage="O"/>
          <SubComponent Datatype="ST" Name="text" Usage="O"/>
          <SubComponent Datatype="ID" Name="name of coding system" Table="0396" Usage="O"/>
          <SubComponent Datatype="ST" Name="alternate identifier" Usage="O"/>
          <SubComponent Datatype="ST" Name="alternate text" Usage="O"/>
          <SubComponent Datatype="ID" Name="name of alternate coding system" Table="0396" Usage="O"/>
        </Component>
      </Field>
      <Field Datatype="NM" ItemNo="00013" Length="15" Max="1" Min="0" Name="Sequence Number" Usage="O"/>
      <Field Datatype="ST" ItemNo="00014" Length="180" Max="1" Min="0" Name="Continuation Pointer" Usage="O"/>
      <Field Datatype="ID" ItemNo="00015" Length="2" Max="1" Min="0" Name="Accept Acknowledgment Type" Table="0155" Usage="O"/>
      <Field Datatype="ID" ItemNo="00016" Length="2" Max="1" Min="0" Name="Application Acknowledgment Type" Table="0155" Usage="O"/>
      <Field Datatype="ID" ItemNo="00017" Length="3" Max="1" Min="0" Name="Country Code" Table="0399" Usage="O"/>
      <Field Datatype="ID" ItemNo="00692" Length="16" Max="*" Min="0" Name="Character Set" Table="0211" Usage="C"/>
      <Field Datatype="CE" ItemNo="00693" Length="250" Max="1" Min="0" Name="Principal Language Of Message" Usage="O">
        <Component Datatype="ST" Length="20" Name="identifier" Usage="O"/>
        <Component Datatype="ST" Length="199" Name="text" Usage="O"/>
        <Component Datatype="ID" Length="20" Name="name of coding system" Table="0396" Usage="O"/>
        <Component Datatype="ST" Length="20" Name="alternate identifier" Usage="O"/>
        <Component Datatype="ST" Length="199" Name="alternate text" Usage="O"/>
        <Component Datatype="ID" Length="20" Name="name of alternate coding system" Table="0396" Usage="O"/>
      </Field>
      <Field Datatype="ID" ItemNo="01317" Length="20" Max="1" Min="0" Name="Alternate Character Set Handling Scheme" Table="0356" Usage="O"/>
      <Field Datatype="EI" ItemNo="01598" Length="427" Max="*" Min="0" Name="Message Profile Identifier" Usage="O">
        <Component Datatype="ST" Length="199" Name="entity identifier" Usage="O"/>
        <Component Datatype="IS" Length="20" Name="namespace ID" Table="0363" Usage="O"/>
        <Component Datatype="ST" Length="199" Name="universal ID" Usage="C"/>
        <Component Datatype="ID" Length="6" Name="universal ID type" Table="0301" Usage="C"/>
      </Field>
    </Segment>  
    <Segment LongName="Software Segment" Max="*" Min="0" Name="SFT" Usage="O">
      <Field Datatype="XON" ItemNo="01834" Length="567" Max="1" Min="1" Name="Software Vendor Organization" Usage="R">
        <Component Datatype="ST" Length="50" Name="organization name" Usage="O"/>
        <Component Datatype="IS" Length="20" Name="organization name type code" Table="0204" Usage="O"/>
        <Component Datatype="NM" Length="4" Name="ID number" Usage="B"/>
        <Component Datatype="NM" Length="1" Name="check digit" Usage="O"/>
        <Component Datatype="ID" Length="3" Name="check digit scheme" Table="0061" Usage="O"/>
        <Component Datatype="HD" Length="227" Name="assigning authority" Table="0363" Usage="O">
          <SubComponent Datatype="IS" Name="namespace ID" Table="0300" Usage="O"/>
          <SubComponent Datatype="ST" Name="universal ID" Usage="C"/>
          <SubComponent Datatype="ID" Name="universal ID type" Table="0301" Usage="C"/>
        </Component>
        <Component Datatype="IS" Length="5" Name="identifier type code" Table="0203" Usage="O"/>
        <Component Datatype="HD" Length="227" Name="assigning facility ID" Usage="O">
          <SubComponent Datatype="IS" Name="namespace ID" Table="0300" Usage="O"/>
          <SubComponent Datatype="ST" Name="universal ID" Usage="C"/>
          <SubComponent Datatype="ID" Name="universal ID type" Table="0301" Usage="C"/>
        </Component>
        <Component Datatype="ID" Length="1" Name="name representation code" Table="0465" Usage="O"/>
        <Component Datatype="ST" Length="20" Name="organization identifier" Usage="O"/>
      </Field>
      <Field Datatype="ST" ItemNo="01835" Length="15" Max="1" Min="1" Name="Software Certified Version or Release Number" Usage="R"/>
      <Field Datatype="ST" ItemNo="01836" Length="20" Max="1" Min="1" Name="Software Product Name" Usage="R"/>
      <Field Datatype="ST" ItemNo="01837" Length="20" Max="1" Min="1" Name="Software Binary ID" Usage="R"/>
      <Field Datatype="TX" ItemNo="01838" Length="1024" Max="1" Min="0" Name="Software Product Information" Usage="O"/>
      <Field Datatype="TS" ItemNo="01839" Length="26" Max="1" Min="0" Name="Software Install Date" Usage="O">
        <Component Datatype="DTM" Length="24" Name="time" Usage="R"/>
        <Component Datatype="ST" Length="1" Name="degree of precision" Table="0529" Usage="B"/>
      </Field>
    </Segment>  
    <Segment LongName="Message Acknowledgment" Max="1" Min="1" Name="MSA" Usage="R">
      <Field Datatype="ID" ItemNo="00018" Length="2" Max="1" Min="1" Name="Acknowledgment Code" Table="0008" Usage="R"/>
      <Field Datatype="ST" ItemNo="00010" Length="20" Max="1" Min="1" Name="Message Control ID" Usage="R"/>
      <Field Datatype="ST" ItemNo="00020" Length="80" Max="0" Min="0" Name="Text Message" Usage="X"/>
      <Field Datatype="NM" ItemNo="00021" Length="15" Max="1" Min="0" Name="Expected Sequence Number" Usage="O"/>
      <Field Datatype="ID" ItemNo="00022" Length="1" Max="0" Min="0" Name="Delayed Acknowledgment Type" Usage="X"/>
      <Field Datatype="CE" ItemNo="00023" Length="250" Max="0" Min="0" Name="Error Condition" Table="0357" Usage="X"/>
    </Segment>  
    <Segment LongName="Error" Max="1" Min="0" Name="ERR" Usage="O">
      <Field Datatype="ELD" ItemNo="00024" Length="493" Max="0" Min="0" Name="Error Code and Location" Usage="X"/>
      <Field Datatype="ERL" ItemNo="01812" Length="18" Max="*" Min="0" Name="Error Location" Usage="RE">
        <Component Datatype="ST" Length="3" Name="segment ID" Usage="R"/>
        <Component Datatype="NM" Length="2" Name="segment sequence" Usage="R"/>
        <Component Datatype="NM" Length="2" Name="field position" Usage="O"/>
        <Component Datatype="NM" Length="2" Name="field repeition" Usage="O"/>
        <Component Datatype="NM" Length="2" Name="component number" Usage="O"/>
        <Component Datatype="NM" Length="2" Name="sub-component number" Usage="O"/>
      </Field>
      <Field Datatype="CWE" ItemNo="01813" Length="705" Max="1" Min="1" Name="HL7 Error Code" Table="0357" Usage="R">
        <Component Datatype="ST" Length="20" Name="identifier" Usage="O"/>
        <Component Datatype="ST" Length="199" Name="text" Usage="O"/>
        <Component Datatype="ID" Length="20" Name="name of coding system" Table="0396" Usage="O"/>
        <Component Datatype="ST" Length="20" Name="alternate identifier" Usage="O"/>
        <Component Datatype="ST" Length="199" Name="alternate text" Usage="O"/>
        <Component Datatype="ID" Length="20" Name="name of alternate coding system" Table="0396" Usage="O"/>
        <Component Datatype="ST" Length="10" Name="coding system version ID" Usage="O"/>
        <Component Datatype="ST" Length="10" Name="alternate coding system version ID" Usage="O"/>
        <Component Datatype="ST" Length="199" Name="original text" Usage="O"/>
      </Field>
      <Field Datatype="ID" ItemNo="01814" Length="2" Max="1" Min="1" Name="Severity" Table="0516" Usage="R"/>
      <Field Datatype="CWE" ItemNo="01815" Length="705" Max="1" Min="0" Name="Application Error Code" Table="0533" Usage="O">
        <Component Datatype="ST" Length="20" Name="identifier" Usage="O"/>
        <Component Datatype="ST" Length="199" Name="text" Usage="O"/>
        <Component Datatype="ID" Length="20" Name="name of coding system" Table="0396" Usage="O"/>
        <Component Datatype="ST" Length="20" Name="alternate identifier" Usage="O"/>
        <Component Datatype="ST" Length="199" Name="alternate text" Usage="O"/>
        <Component Datatype="ID" Length="20" Name="name of alternate coding system" Table="0396" Usage="O"/>
        <Component Datatype="ST" Length="10" Name="coding system version ID" Usage="O"/>
        <Component Datatype="ST" Length="10" Name="alternate coding system version ID" Usage="O"/>
        <Component Datatype="ST" Length="199" Name="original text" Usage="O"/>
      </Field>
      <Field Datatype="ST" ItemNo="01816" Length="80" Max="10" Min="0" Name="Application Error Parameter" Usage="O"/>
      <Field Datatype="TX" ItemNo="01817" Length="2048" Max="1" Min="0" Name="Diagnostic Information" Usage="O"/>
      <Field Datatype="TX" ItemNo="01818" Length="250" Max="1" Min="0" Name="User Message" Usage="O"/>
      <Field Datatype="IS" ItemNo="01819" Length="20" Max="*" Min="0" Name="Inform Person Indicator" Table="0517" Usage="O"/>
      <Field Datatype="CWE" ItemNo="01820" Length="705" Max="1" Min="0" Name="Override Type" Table="0518" Usage="O">
        <Component Datatype="ST" Length="20" Name="identifier" Usage="O"/>
        <Component Datatype="ST" Length="199" Name="text" Usage="O"/>
        <Component Datatype="ID" Length="20" Name="name of coding system" Table="0396" Usage="O"/>
        <Component Datatype="ST" Length="20" Name="alternate identifier" Usage="O"/>
        <Component Datatype="ST" Length="199" Name="alternate text" Usage="O"/>
        <Component Datatype="ID" Length="20" Name="name of alternate coding system" Table="0396" Usage="O"/>
        <Component Datatype="ST" Length="10" Name="coding system version ID" Usage="O"/>
        <Component Datatype="ST" Length="10" Name="alternate coding system version ID" Usage="O"/>
        <Component Datatype="ST" Length="199" Name="original text" Usage="O"/>
      </Field>
      <Field Datatype="CWE" ItemNo="01821" Length="705" Max="*" Min="0" Name="Override Reason Code" Table="0519" Usage="O">
        <Component Datatype="ST" Length="20" Name="identifier" Usage="O"/>
        <Component Datatype="ST" Length="199" Name="text" Usage="O"/>
        <Component Datatype="ID" Length="20" Name="name of coding system" Table="0396" Usage="O"/>
        <Component Datatype="ST" Length="20" Name="alternate identifier" Usage="O"/>
        <Component Datatype="ST" Length="199" Name="alternate text" Usage="O"/>
        <Component Datatype="ID" Length="20" Name="name of alternate coding system" Table="0396" Usage="O"/>
        <Component Datatype="ST" Length="10" Name="coding system version ID" Usage="O"/>
        <Component Datatype="ST" Length="10" Name="alternate coding system version ID" Usage="O"/>
        <Component Datatype="ST" Length="199" Name="original text" Usage="O"/>
      </Field>
      <Field Datatype="XTN" ItemNo="01822" Length="652" Max="*" Min="0" Name="Help Desk Contact Point" Usage="O">
        <Component Datatype="ST" Length="199" Name="telephone number" Usage="B"/>
        <Component Datatype="ID" Length="3" Name="telecommunication use code" Table="0201" Usage="O"/>
        <Component Datatype="ID" Length="8" Name="telecommunication equipment type" Table="0202" Usage="O"/>
        <Component Datatype="ST" Length="199" Name="email address" Usage="O"/>
        <Component Datatype="NM" Length="3" Name="country code" Usage="O"/>
        <Component Datatype="NM" Length="5" Name="area/city code" Usage="O"/>
        <Component Datatype="NM" Length="9" Name="local number" Usage="O"/>
        <Component Datatype="NM" Length="5" Name="extension" Usage="O"/>
        <Component Datatype="ST" Length="199" Name="any text" Usage="O"/>
        <Component Datatype="ST" Length="4" Name="extension prefix" Usage="O"/>
        <Component Datatype="ST" Length="6" Name="speed dial code" Usage="O"/>
        <Component Datatype="ST" Length="199" Name="unformatted telephone number" Usage="C"/>
      </Field>
    </Segment>  
    <Segment LongName="Query Acknowledgment" Max="1" Min="1" Name="QAK" Usage="R">
      <ConformanceStatement Profile="Base" id="RSP_K23_005"> 
        <EnglishDescription>QAK-1 SHALL be valued identical to QPD-2</EnglishDescription>  
        <Assertion> 
          <Custom className="gov.nist.healthcare.validation.custom.QAK" id="1"/> 
        </Assertion> 
      </ConformanceStatement>
      <Field Datatype="ST" ItemNo="00696" Length="32" Max="1" Min="1" Name="Query Tag" Usage="R"/>
      <Field Datatype="ID" ItemNo="00708" Length="2" Max="1" Min="1" Name="Query Response Status" Table="0208" Usage="R"/>
      <Field Datatype="CE" ItemNo="01375" Length="250" Max="1" Min="0" Name="Message Query Name" Table="0471" Usage="O">
        <Component Datatype="ST" Length="20" Name="identifier" Usage="O"/>
        <Component Datatype="ST" Length="199" Name="text" Usage="O"/>
        <Component Datatype="ID" Length="20" Name="name of coding system" Table="0396" Usage="O"/>
        <Component Datatype="ST" Length="20" Name="alternate identifier" Usage="O"/>
        <Component Datatype="ST" Length="199" Name="alternate text" Usage="O"/>
        <Component Datatype="ID" Length="20" Name="name of alternate coding system" Table="0396" Usage="O"/>
      </Field>
      <Field Datatype="NM" ItemNo="01434" Length="10" Max="1" Min="0" Name="Hit Count" Usage="O"/>
      <Field Datatype="NM" ItemNo="01622" Length="10" Max="1" Min="0" Name="This payload" Usage="O"/>
      <Field Datatype="NM" ItemNo="01623" Length="10" Max="1" Min="0" Name="Hits remaining" Usage="O"/>
    </Segment>  
    <Segment LongName="Query Parameter Definition" Max="1" Min="1" Name="QPD" Usage="R">
      <Field Datatype="CE" ItemNo="01375" Length="483" Max="1" Min="1" Name="Message Query Name" Table="0471" Usage="R">
        <Component Datatype="ST" Length="20" Name="identifier" Usage="O">
          <ConformanceStatement Profile="Base" id="RSP_K23_006"> 
            <EnglishDescription>QPD-1.1 SHALL be valued "IHE PIX Query".</EnglishDescription>  
            <Assertion> 
              <PlainText location="." value="IHE PIX Query"/> 
            </Assertion> 
          </ConformanceStatement>
        </Component>
        <Component Datatype="ST" Length="199" Name="text" Usage="O"/>
        <Component Datatype="ID" Length="20" Name="name of coding system" Table="0396" Usage="O"/>
        <Component Datatype="ST" Length="20" Name="alternate identifier" Usage="O"/>
        <Component Datatype="ST" Length="199" Name="alternate text" Usage="O"/>
        <Component Datatype="ID" Length="20" Name="name of alternate coding system" Table="0396" Usage="O"/>
      </Field>
      <Field Datatype="ST" ItemNo="00696" Length="32" Max="1" Min="0" Name="Query Tag" Usage="R"/>
      <Field Datatype="CX_2" ItemNo="01435" Length="250" Max="1" Min="1" Name="Person Identifier" Usage="R">
        <Component Datatype="ST" Length="15" Name="ID" Usage="R"/>
        <Component Datatype="ST" Length="1" Name="check digit" Usage="O"/>
        <Component Datatype="ID" Length="3" Name="code identifying the check digit scheme employed" Table="0061" Usage="O"/>
        <Component Datatype="HD_3" Length="227" Name="assigning authority" Table="0363" Usage="R">
          <SubComponent Datatype="IS" Name="namespace ID" PredicateFalseUsage="O" PredicateTrueUsage="R" Table="0363" Usage="C">
            <Predicate> 
              <EnglishDescription>If HD_ITI.3 (Universal ID Type) is NOT valued.</EnglishDescription>  
              <Condition> 
                <NOT> 
                  <Valued location="./3"/> 
                </NOT> 
              </Condition> 
            </Predicate>
          </SubComponent>
          <SubComponent Datatype="ST" Name="universal ID" PredicateFalseUsage="X" PredicateTrueUsage="R" Usage="C">
            <Predicate> 
              <EnglishDescription>If HD_ITI.3 (Universal ID Type) is valued.</EnglishDescription>  
              <Condition> 
                <Valued location="./3"/> 
              </Condition> 
            </Predicate>
          </SubComponent>
          <SubComponent Datatype="ID" Name="universal ID type" PredicateFalseUsage="O" PredicateTrueUsage="R" Table="0301" Usage="C">
            <Predicate> 
              <EnglishDescription>If HD_ITI.1 (Namespace ID) is NOT valued.</EnglishDescription>  
              <Condition> 
                <NOT> 
                  <Valued location="./1"/> 
                </NOT> 
              </Condition> 
            </Predicate>
          </SubComponent>
        </Component>
        <Component Datatype="ID" Length="5" Name="identifier type code" Table="0203" Usage="O"/>
        <Component Datatype="HD_2" Length="227" Name="assigning facility" Usage="O">
          <SubComponent Datatype="IS" Name="namespace ID" Table="0300" Usage="O"/>
          <SubComponent Datatype="ST" Name="universal ID" PredicateFalseUsage="X" PredicateTrueUsage="R" Usage="C">
            <Predicate> 
              <EnglishDescription>If HD_ITI.3 (Universal ID Type) is valued.</EnglishDescription>  
              <Condition> 
                <Valued location="./3"/> 
              </Condition> 
            </Predicate>
          </SubComponent>
          <SubComponent Datatype="ID" Name="universal ID type" PredicateFalseUsage="O" PredicateTrueUsage="R" Table="0301" Usage="C">
            <Predicate> 
              <EnglishDescription>If HD_ITI.1 (Namespace ID) is NOT valued.</EnglishDescription>  
              <Condition> 
                <NOT> 
                  <Valued location="./1"/> 
                </NOT> 
              </Condition> 
            </Predicate>
          </SubComponent>
        </Component>
      </Field>
      <Field Datatype="CX_3" ItemNo="01435" Length="250" Max="*" Min="0" Name="What Domains Returned" Usage="O">
        <Component Datatype="ST" Length="15" Name="ID" Usage="X"/>
        <Component Datatype="ST" Length="1" Name="check digit" Usage="X"/>
        <Component Datatype="ID" Length="3" Name="code identifying the check digit scheme employed" Table="0061" Usage="X"/>
        <Component Datatype="HD_3" Length="227" Name="assigning authority" Table="0363" Usage="R">
          <SubComponent Datatype="IS" Name="namespace ID" PredicateFalseUsage="O" PredicateTrueUsage="R" Table="0363" Usage="C">
            <Predicate> 
              <EnglishDescription>If HD_ITI.3 (Universal ID Type) is NOT valued.</EnglishDescription>  
              <Condition> 
                <NOT> 
                  <Valued location="./3"/> 
                </NOT> 
              </Condition> 
            </Predicate>
          </SubComponent>
          <SubComponent Datatype="ST" Name="universal ID" PredicateFalseUsage="X" PredicateTrueUsage="R" Usage="C">
            <Predicate> 
              <EnglishDescription>If HD_ITI.3 (Universal ID Type) is valued.</EnglishDescription>  
              <Condition> 
                <Valued location="./3"/> 
              </Condition> 
            </Predicate>
          </SubComponent>
          <SubComponent Datatype="ID" Name="universal ID type" PredicateFalseUsage="O" PredicateTrueUsage="R" Table="0301" Usage="C">
            <Predicate> 
              <EnglishDescription>If HD_ITI.1 (Namespace ID) is NOT valued.</EnglishDescription>  
              <Condition> 
                <NOT> 
                  <Valued location="./1"/> 
                </NOT> 
              </Condition> 
            </Predicate>
          </SubComponent>
        </Component>
        <Component Datatype="ID" Length="5" Name="identifier type code" Table="0203" Usage="X"/>
        <Component Datatype="HD" Length="227" Name="assigning facility" Usage="X"/>
      </Field>
    </Segment>  
    <SegGroup LongName="QUERY_RESPONSE" Max="1" Min="0" Name="QUERY_RESPONSE" Usage="O"> 
      <Segment LongName="Patient Identification" Max="1" Min="1" Name="PID" Usage="R">
        <ConformanceStatement Profile="Base" id="RSP_K23_008"> 
          <EnglishDescription>PID-5[2].7 SHALL be valued S</EnglishDescription>  
          <Assertion> 
            <PlainText location="./5[2]/7" value="S"/> 
          </Assertion> 
        </ConformanceStatement>
        <ConformanceStatement Profile="Base" id="RSP_K23_007"> 
          <EnglishDescription>PID-5[1] SHALL be empty</EnglishDescription>  
          <Assertion> 
            <NOT> 
              <Presence location="./5[1]"/> 
            </NOT> 
          </Assertion> 
        </ConformanceStatement>
        <Field Datatype="SI" ItemNo="00104" Length="4" Max="0" Min="0" Name="Set ID - PID" Usage="X"/>
        <Field Datatype="CX" ItemNo="00105" Length="20" Max="0" Min="0" Name="Patient ID" Usage="X"/>
        <Field Datatype="CX_1" ItemNo="00106" Length="250" Max="*" Min="1" Name="Patient Identifier List" Usage="R">
          <Component Datatype="ST" Length="15" Name="ID" Usage="R"/>
          <Component Datatype="ST" Length="1" Name="check digit" Usage="O"/>
          <Component Datatype="ID" Length="3" Name="code identifying the check digit scheme employed" Table="0061" Usage="O"/>
          <Component Datatype="HD_1" Length="227" Name="assigning authority" Table="0363" Usage="R">
            <SubComponent Datatype="IS" Name="namespace ID" Table="0363" Usage="R"/>
            <SubComponent Datatype="ST" Name="universal ID" Usage="R"/>
            <SubComponent Datatype="ID" Name="universal ID type" Table="0301" Usage="R"/>
          </Component>
          <Component Datatype="ID" Length="5" Name="identifier type code" Table="0203" Usage="O"/>
          <Component Datatype="HD_2" Length="227" Name="assigning facility" Usage="O">
            <SubComponent Datatype="IS" Name="namespace ID" Table="0300" Usage="O"/>
            <SubComponent Datatype="ST" Name="universal ID" PredicateFalseUsage="X" PredicateTrueUsage="R" Usage="C">
              <Predicate> 
                <EnglishDescription>If HD_ITI.3 (Universal ID Type) is valued.</EnglishDescription>  
                <Condition> 
                  <Valued location="./3"/> 
                </Condition> 
              </Predicate>
            </SubComponent>
            <SubComponent Datatype="ID" Name="universal ID type" PredicateFalseUsage="O" PredicateTrueUsage="R" Table="0301" Usage="C">
              <Predicate> 
                <EnglishDescription>If HD_ITI.1 (Namespace ID) is NOT valued.</EnglishDescription>  
                <Condition> 
                  <NOT> 
                    <Valued location="./1"/> 
                  </NOT> 
                </Condition> 
              </Predicate>
            </SubComponent>
          </Component>
        </Field>
        <Field Datatype="CX" ItemNo="00107" Length="20" Max="0" Min="0" Name="Alternate Patient ID - PID" Usage="X"/>
        <Field Datatype="XPN_1" ItemNo="00108" Length="250" Max="2" Min="2" Name="Patient Name" Usage="R">
          <Component Datatype="CM_FAM_NAME" Length="194" Name="family+last name prefix" Usage="X"/>
          <Component Datatype="ST" Length="30" Name="given name" Usage="X"/>
          <Component Datatype="ST" Length="30" Name="middle initial or name" Usage="X"/>
          <Component Datatype="ST" Length="20" Name="suffix (e.g., JR or III)" Usage="X"/>
          <Component Datatype="ST" Length="20" Name="prefix (e.g., DR)" Usage="X"/>
          <Component Datatype="IS" Length="6" Name="degree (e.g., MD)" Table="0360" Usage="X"/>
          <Component Datatype="ID" Length="1" Name="name type code" Table="0200" Usage="R"/>
          <Component Datatype="ID" Length="1" Name="Name Representation code" Usage="X"/>
        </Field>
        <Field Datatype="XPN" ItemNo="00109" Length="250" Max="0" Min="0" Name="Mother_s Maiden Name" Usage="X"/>
        <Field Datatype="TS" ItemNo="00110" Length="26" Max="0" Min="0" Name="Date/Time of Birth" Usage="X"/>
        <Field Datatype="IS" ItemNo="00111" Length="1" Max="0" Min="0" Name="Administrative Sex" Table="0001" Usage="X"/>
        <Field Datatype="XPN" ItemNo="00112" Length="250" Max="0" Min="0" Name="Patient Alias" Usage="X"/>
        <Field Datatype="CE" ItemNo="00113" Length="250" Max="0" Min="0" Name="Race" Table="0005" Usage="X"/>
        <Field Datatype="XAD" ItemNo="00114" Length="250" Max="0" Min="0" Name="Patient Address" Usage="X"/>
        <Field Datatype="IS" ItemNo="00115" Length="4" Max="0" Min="0" Name="County Code" Table="0289" Usage="X"/>
        <Field Datatype="XTN" ItemNo="00116" Length="250" Max="0" Min="0" Name="Phone Number - Home" Usage="X"/>
        <Field Datatype="XTN" ItemNo="00117" Length="250" Max="0" Min="0" Name="Phone Number - Business" Usage="X"/>
        <Field Datatype="CE" ItemNo="00118" Length="250" Max="0" Min="0" Name="Primary Language" Table="0296" Usage="X"/>
        <Field Datatype="CE" ItemNo="00119" Length="250" Max="0" Min="0" Name="Marital Status" Table="0002" Usage="X"/>
        <Field Datatype="CE" ItemNo="00120" Length="250" Max="0" Min="0" Name="Religion" Table="0006" Usage="X"/>
        <Field Datatype="CX" ItemNo="00121" Length="250" Max="0" Min="0" Name="Patient Account Number" Usage="X"/>
        <Field Datatype="ST" ItemNo="00122" Length="16" Max="0" Min="0" Name="SSN Number - Patient" Usage="X"/>
        <Field Datatype="DLN" ItemNo="00123" Length="25" Max="0" Min="0" Name="Driver's License Number - Patient" Usage="X"/>
        <Field Datatype="CX" ItemNo="00124" Length="250" Max="0" Min="0" Name="Mother's Identifier" Usage="X"/>
        <Field Datatype="CE" ItemNo="00125" Length="250" Max="0" Min="0" Name="Ethnic Group" Table="0189" Usage="X"/>
        <Field Datatype="ST" ItemNo="00126" Length="250" Max="0" Min="0" Name="Birth Place" Usage="X"/>
        <Field Datatype="ID" ItemNo="00127" Length="1" Max="0" Min="0" Name="Multiple Birth Indicator" Table="0136" Usage="X"/>
        <Field Datatype="NM" ItemNo="00128" Length="2" Max="0" Min="0" Name="Birth Order" Usage="X"/>
        <Field Datatype="CE" ItemNo="00129" Length="250" Max="0" Min="0" Name="Citizenship" Table="0171" Usage="X"/>
        <Field Datatype="CE" ItemNo="00130" Length="250" Max="0" Min="0" Name="Veterans Military Status" Table="0172" Usage="X"/>
        <Field Datatype="CE" ItemNo="00739" Length="250" Max="0" Min="0" Name="Nationality" Table="0212" Usage="X"/>
        <Field Datatype="TS" ItemNo="00740" Length="26" Max="0" Min="0" Name="Patient Death Date and Time" Usage="X"/>
        <Field Datatype="ID" ItemNo="00741" Length="1" Max="0" Min="0" Name="Patient Death Indicator" Table="0136" Usage="X"/>
        <Field Datatype="ID" ItemNo="01535" Length="1" Max="0" Min="0" Name="Identity Unknown Indicator" Table="0136" Usage="X"/>
        <Field Datatype="IS" ItemNo="01536" Length="20" Max="0" Min="0" Name="Identity Reliability Code" Table="0445" Usage="X"/>
        <Field Datatype="TS" ItemNo="01537" Length="26" Max="0" Min="0" Name="Last Update Date/Time" Usage="X"/>
        <Field Datatype="HD" ItemNo="01538" Length="241" Max="0" Min="0" Name="Last Update Facility" Usage="X"/>
        <Field Datatype="CE" ItemNo="01539" Length="250" Max="0" Min="0" Name="Species Code" Table="0446" Usage="X"/>
        <Field Datatype="CE" ItemNo="01540" Length="250" Max="0" Min="0" Name="Breed Code" Table="0447" Usage="X"/>
        <Field Datatype="ST" ItemNo="01541" Length="80" Max="0" Min="0" Name="Strain" Usage="X"/>
        <Field Datatype="CE" ItemNo="01542" Length="250" Max="0" Min="0" Name="Production Class Code" Table="0429" Usage="X"/>
        <Field Datatype="CWE" ItemNo="01840" Length="250" Max="0" Min="0" Name="Tribal Citizenship" Table="0171" Usage="X"/>
      </Segment> 
    </SegGroup>  
    <Segment LongName="Continuation Pointer" Max="1" Min="0" Name="DSC" Usage="O">
      <Field Datatype="ST" ItemNo="00014" Length="180" Max="1" Min="0" Name="Continuation Pointer" Usage="O"/>
      <Field Datatype="ID" ItemNo="01354" Length="1" Max="1" Min="0" Name="Continuation Style" Table="0398" Usage="O"/>
    </Segment> 
  </HL7v2xStaticDef> 
</HL7v2xConformanceProfile>
