<?xml version="1.0" encoding="UTF-8"?>

<!-- 2013-01-24 15:29:39 updated by JY, V1.0 -->
<HL7v2xConformanceProfile HL7Version="2.5" ProfileType="Constrainable"> 
  <MetaData Date="01/24/2013" Name="PIX" OrgName="NIST" Status="Informative" Topics="confsig-a-2.5-profile-accNE_accAL-Deferred" Version="2.5"/>  
  <Encodings> 
    <Encoding>ER7</Encoding> 
  </Encodings>  
  <DynamicDef AccAck="NE" AppAck="AL" MsgAckMode="Immediate"/>  
  <HL7v2xStaticDef EventDesc="ADT/ACK -  Update person information" EventType="A31" MsgStructID="ACK" MsgType="ACK" Role="Sender"> 
    <MetaData Date="01/24/2013" Name="PIX" OrgName="NIST" Status="Informative" Topics="confsig-a-2.5-profile-accNE_accAL-Deferred" Version="2.5"/>  
    <Segment LongName="Message Header" Max="1" Min="1" Name="MSH" Usage="R">
      <Field Datatype="ST" ItemNo="00001" Length="1" Max="1" Min="1" Name="Field Separator" Usage="R"/>
      <Field Datatype="ST" ItemNo="00002" Length="4" Max="1" Min="1" Name="Encoding Characters" Usage="R"/>
      <Field Datatype="HD_ITI" ItemNo="00003" Length="180" Max="1" Min="0" Name="Sending Application" Table="0361" Usage="R">
        <Component Datatype="IS" Length="20" Name="namespace ID" Table="0300" Usage="R"/>
        <Component Datatype="ST" Length="199" Name="universal ID" PredicateFalseUsage="X" PredicateTrueUsage="R" Usage="C">
          <Predicate> 
            <EnglishDescription>If HD_ITI.3 (Universal ID Type) is valued.</EnglishDescription>  
            <Condition> 
              <Valued location="./3"/> 
            </Condition> 
          </Predicate>
        </Component>
        <Component Datatype="ID" Length="6" Name="universal ID type" PredicateFalseUsage="X" PredicateTrueUsage="R" Table="0301" Usage="C">
          <Predicate> 
            <EnglishDescription>If HD_ITI.2 (Universal ID) is valued.</EnglishDescription>  
            <Condition> 
              <Valued location="./2"/> 
            </Condition> 
          </Predicate>
          <ConformanceStatement Profile="Base" id="PIX_PDQ_001"> 
            <EnglishDescription>HD_ITI.3 (Universal ID Type) SHALL be valued "ISO".</EnglishDescription>  
            <Assertion> 
              <PlainText location="." value="ISO"/> 
            </Assertion> 
          </ConformanceStatement>
        </Component>
      </Field>
      <Field Datatype="HD_ITI" ItemNo="00004" Length="180" Max="1" Min="0" Name="Sending Facility" Table="0362" Usage="R">
        <Component Datatype="IS" Length="20" Name="namespace ID" Table="0300" Usage="R"/>
        <Component Datatype="ST" Length="199" Name="universal ID" PredicateFalseUsage="X" PredicateTrueUsage="R" Usage="C">
          <Predicate> 
            <EnglishDescription>If HD_ITI.3 (Universal ID Type) is valued.</EnglishDescription>  
            <Condition> 
              <Valued location="./3"/> 
            </Condition> 
          </Predicate>
        </Component>
        <Component Datatype="ID" Length="6" Name="universal ID type" PredicateFalseUsage="X" PredicateTrueUsage="R" Table="0301" Usage="C">
          <Predicate> 
            <EnglishDescription>If HD_ITI.2 (Universal ID) is valued.</EnglishDescription>  
            <Condition> 
              <Valued location="./2"/> 
            </Condition> 
          </Predicate>
          <ConformanceStatement Profile="Base" id="PIX_PDQ_001"> 
            <EnglishDescription>HD_ITI.3 (Universal ID Type) SHALL be valued "ISO".</EnglishDescription>  
            <Assertion> 
              <PlainText location="." value="ISO"/> 
            </Assertion> 
          </ConformanceStatement>
        </Component>
      </Field>
      <Field Datatype="HD_ITI" ItemNo="00005" Length="180" Max="1" Min="0" Name="Receiving Application" Table="0361" Usage="R">
        <Component Datatype="IS" Length="20" Name="namespace ID" Table="0300" Usage="R"/>
        <Component Datatype="ST" Length="199" Name="universal ID" PredicateFalseUsage="X" PredicateTrueUsage="R" Usage="C">
          <Predicate> 
            <EnglishDescription>If HD_ITI.3 (Universal ID Type) is valued.</EnglishDescription>  
            <Condition> 
              <Valued location="./3"/> 
            </Condition> 
          </Predicate>
        </Component>
        <Component Datatype="ID" Length="6" Name="universal ID type" PredicateFalseUsage="X" PredicateTrueUsage="R" Table="0301" Usage="C">
          <Predicate> 
            <EnglishDescription>If HD_ITI.2 (Universal ID) is valued.</EnglishDescription>  
            <Condition> 
              <Valued location="./2"/> 
            </Condition> 
          </Predicate>
          <ConformanceStatement Profile="Base" id="PIX_PDQ_001"> 
            <EnglishDescription>HD_ITI.3 (Universal ID Type) SHALL be valued "ISO".</EnglishDescription>  
            <Assertion> 
              <PlainText location="." value="ISO"/> 
            </Assertion> 
          </ConformanceStatement>
        </Component>
      </Field>
      <Field Datatype="HD_ITI" ItemNo="00006" Length="180" Max="1" Min="0" Name="Receiving Facility" Table="0362" Usage="R">
        <Component Datatype="IS" Length="20" Name="namespace ID" Table="0300" Usage="R"/>
        <Component Datatype="ST" Length="199" Name="universal ID" PredicateFalseUsage="X" PredicateTrueUsage="R" Usage="C">
          <Predicate> 
            <EnglishDescription>If HD_ITI.3 (Universal ID Type) is valued.</EnglishDescription>  
            <Condition> 
              <Valued location="./3"/> 
            </Condition> 
          </Predicate>
        </Component>
        <Component Datatype="ID" Length="6" Name="universal ID type" PredicateFalseUsage="X" PredicateTrueUsage="R" Table="0301" Usage="C">
          <Predicate> 
            <EnglishDescription>If HD_ITI.2 (Universal ID) is valued.</EnglishDescription>  
            <Condition> 
              <Valued location="./2"/> 
            </Condition> 
          </Predicate>
          <ConformanceStatement Profile="Base" id="PIX_PDQ_001"> 
            <EnglishDescription>HD_ITI.3 (Universal ID Type) SHALL be valued "ISO".</EnglishDescription>  
            <Assertion> 
              <PlainText location="." value="ISO"/> 
            </Assertion> 
          </ConformanceStatement>
        </Component>
      </Field>
      <Field Datatype="TS_ITI" ItemNo="00007" Length="26" Max="1" Min="1" Name="Date/Time Of Message" Usage="R">
        <Component Datatype="DTM" Length="24" Name="Date/Time" Usage="R">
          <ConformanceStatement Profile="Base" id="PIX_PDQ_002"> 
            <EnglishDescription>TS_ITI.1 (Time) SHALL follow the format YYYY[MM[DD[HH[MM[SS[.S[S[S[S]]]]]]]]][+/-ZZZZ].</EnglishDescription>  
            <Assertion> 
              <Regex location="." regex="([0-9]{4})(((0[1-9])|(1[0-2]))(((0[1-9])|([1-2][0-9])|(3[0-1]))((([0-1][0-9])|(2[0-3]))(([0-5][0-9])(([0-5][0-9])((\.[0-9]{1,4})){0,1}){0,1}){0,1}){0,1}){0,1}){0,1}((\+|\-)[0-9]{4}){0,1}"/> 
            </Assertion> 
          </ConformanceStatement>
        </Component>
        <Component Datatype="ST" Length="1" Name="degree of precision" Usage="X"/>
      </Field>
      <Field Datatype="ST" ItemNo="00008" Length="40" Max="1" Min="0" Name="Security" Usage="O"/>
      <Field Datatype="MSG" ItemNo="00009" Length="15" Max="1" Min="1" Name="Message Type" Usage="R">
        <Component Datatype="ID" Length="3" Name="message code" Table="0076" Usage="R">
          <ConformanceStatement Profile="Base" id="ACK_A31_001"> 
            <EnglishDescription>MSH-9.1 SHALL be valued "ACK".</EnglishDescription>  
            <Assertion> 
              <PlainText location="." value="ACK"/> 
            </Assertion> 
          </ConformanceStatement>
        </Component>
        <Component Datatype="ID" Length="3" Name="trigger event" Table="0003" Usage="R">
          <ConformanceStatement Profile="Base" id="ACK_A31_002"> 
            <EnglishDescription>MSH-9.2 SHALL be valued "A31".</EnglishDescription>  
            <Assertion> 
              <PlainText location="." value="A31"/> 
            </Assertion> 
          </ConformanceStatement>
        </Component>
        <Component Datatype="ID" Length="7" Name="message structure" Table="0354" Usage="R">
          <ConformanceStatement Profile="Base" id="ACK_A31_003"> 
            <EnglishDescription>MSH-9.3 SHALL be valued "ACK" when present.</EnglishDescription>  
            <Assertion> 
              <PlainText location="." value="ACK"/> 
            </Assertion> 
          </ConformanceStatement>
        </Component>
      </Field>
      <Field Datatype="ST" ItemNo="00010" Length="20" Max="1" Min="1" Name="Message Control ID" Usage="R"/>
      <Field Datatype="PT" ItemNo="00011" Length="3" Max="1" Min="1" Name="Processing ID" Usage="R">
        <Component Datatype="ID" Length="1" Name="processing ID" Table="0103" Usage="O"/>
        <Component Datatype="ID" Length="1" Name="processing mode" Table="0207" Usage="O"/>
      </Field>
      <Field Datatype="VID" ItemNo="00012" Length="60" Max="1" Min="1" Name="Version ID" Table="0104" Usage="R">
        <Component Datatype="ID" Length="5" Name="version ID" Table="0104" Usage="O">
          <ConformanceStatement Profile="Base" id="ACK_A31_004"> 
            <EnglishDescription>MSH-12.1 SHALL be valued "2.5".</EnglishDescription>  
            <Assertion> 
              <PlainText location="." value="2.5"/> 
            </Assertion> 
          </ConformanceStatement>
        </Component>
        <Component Datatype="CE" Length="483" Name="internationalization code" Table="0399" Usage="O">
          <SubComponent Datatype="ST" Name="identifier" Usage="O"/>
          <SubComponent Datatype="ST" Name="text" Usage="O"/>
          <SubComponent Datatype="ID" Name="name of coding system" Table="0396" Usage="O"/>
          <SubComponent Datatype="ST" Name="alternate identifier" Usage="O"/>
          <SubComponent Datatype="ST" Name="alternate text" Usage="O"/>
          <SubComponent Datatype="ID" Name="name of alternate coding system" Table="0396" Usage="O"/>
        </Component>
        <Component Datatype="CE" Length="483" Name="international version ID" Usage="O">
          <SubComponent Datatype="ST" Name="identifier" Usage="O"/>
          <SubComponent Datatype="ST" Name="text" Usage="O"/>
          <SubComponent Datatype="ID" Name="name of coding system" Table="0396" Usage="O"/>
          <SubComponent Datatype="ST" Name="alternate identifier" Usage="O"/>
          <SubComponent Datatype="ST" Name="alternate text" Usage="O"/>
          <SubComponent Datatype="ID" Name="name of alternate coding system" Table="0396" Usage="O"/>
        </Component>
      </Field>
      <Field Datatype="NM" ItemNo="00013" Length="15" Max="1" Min="0" Name="Sequence Number" Usage="O"/>
      <Field Datatype="ST" ItemNo="00014" Length="180" Max="1" Min="0" Name="Continuation Pointer" Usage="O"/>
      <Field Datatype="ID" ItemNo="00015" Length="2" Max="1" Min="0" Name="Accept Acknowledgment Type" Table="0155" Usage="O"/>
      <Field Datatype="ID" ItemNo="00016" Length="2" Max="1" Min="0" Name="Application Acknowledgment Type" Table="0155" Usage="O"/>
      <Field Datatype="ID" ItemNo="00017" Length="3" Max="1" Min="0" Name="Country Code" Table="0399" Usage="O"/>
      <Field Datatype="ID" ItemNo="00692" Length="16" Max="*" Min="0" Name="Character Set" Table="0211" Usage="C"/>
      <Field Datatype="CE" ItemNo="00693" Length="250" Max="1" Min="0" Name="Principal Language Of Message" Usage="O">
        <Component Datatype="ST" Length="20" Name="identifier" Usage="O"/>
        <Component Datatype="ST" Length="199" Name="text" Usage="O"/>
        <Component Datatype="ID" Length="20" Name="name of coding system" Table="0396" Usage="O"/>
        <Component Datatype="ST" Length="20" Name="alternate identifier" Usage="O"/>
        <Component Datatype="ST" Length="199" Name="alternate text" Usage="O"/>
        <Component Datatype="ID" Length="20" Name="name of alternate coding system" Table="0396" Usage="O"/>
      </Field>
      <Field Datatype="ID" ItemNo="01317" Length="20" Max="1" Min="0" Name="Alternate Character Set Handling Scheme" Table="0356" Usage="O"/>
      <Field Datatype="EI" ItemNo="01598" Length="427" Max="*" Min="0" Name="Message Profile Identifier" Usage="O">
        <Component Datatype="ST" Length="199" Name="entity identifier" Usage="O"/>
        <Component Datatype="IS" Length="20" Name="namespace ID" Table="0363" Usage="O"/>
        <Component Datatype="ST" Length="199" Name="universal ID" Usage="C"/>
        <Component Datatype="ID" Length="6" Name="universal ID type" Table="0301" Usage="C"/>
      </Field>
    </Segment>  
    <Segment LongName="Software Segment" Max="*" Min="0" Name="SFT" Usage="O">
      <Field Datatype="XON" ItemNo="01834" Length="567" Max="1" Min="1" Name="Software Vendor Organization" Usage="R">
        <Component Datatype="ST" Length="50" Name="organization name" Usage="O"/>
        <Component Datatype="IS" Length="20" Name="organization name type code" Table="0204" Usage="O"/>
        <Component Datatype="NM" Length="4" Name="ID number" Usage="B"/>
        <Component Datatype="NM" Length="1" Name="check digit" Usage="O"/>
        <Component Datatype="ID" Length="3" Name="check digit scheme" Table="0061" Usage="O"/>
        <Component Datatype="HD" Length="227" Name="assigning authority" Table="0363" Usage="O">
          <SubComponent Datatype="IS" Name="namespace ID" Table="0300" Usage="O"/>
          <SubComponent Datatype="ST" Name="universal ID" Usage="C"/>
          <SubComponent Datatype="ID" Name="universal ID type" Table="0301" Usage="C"/>
        </Component>
        <Component Datatype="IS" Length="5" Name="identifier type code" Table="0203" Usage="O"/>
        <Component Datatype="HD" Length="227" Name="assigning facility ID" Usage="O">
          <SubComponent Datatype="IS" Name="namespace ID" Table="0300" Usage="O"/>
          <SubComponent Datatype="ST" Name="universal ID" Usage="C"/>
          <SubComponent Datatype="ID" Name="universal ID type" Table="0301" Usage="C"/>
        </Component>
        <Component Datatype="ID" Length="1" Name="name representation code" Table="0465" Usage="O"/>
        <Component Datatype="ST" Length="20" Name="organization identifier" Usage="O"/>
      </Field>
      <Field Datatype="ST" ItemNo="01835" Length="15" Max="1" Min="1" Name="Software Certified Version or Release Number" Usage="R"/>
      <Field Datatype="ST" ItemNo="01836" Length="20" Max="1" Min="1" Name="Software Product Name" Usage="R"/>
      <Field Datatype="ST" ItemNo="01837" Length="20" Max="1" Min="1" Name="Software Binary ID" Usage="R"/>
      <Field Datatype="TX" ItemNo="01838" Length="1024" Max="1" Min="0" Name="Software Product Information" Usage="O"/>
      <Field Datatype="TS" ItemNo="01839" Length="26" Max="1" Min="0" Name="Software Install Date" Usage="O">
        <Component Datatype="DTM" Length="24" Name="time" Usage="R"/>
        <Component Datatype="ST" Length="1" Name="degree of precision" Table="0529" Usage="B"/>
      </Field>
    </Segment>  
    <Segment LongName="Message Acknowledgment" Max="1" Min="1" Name="MSA" Usage="R">
      <Field Datatype="ID" ItemNo="00018" Length="2" Max="1" Min="1" Name="Acknowledgment Code" Table="0008" Usage="R"/>
      <Field Datatype="ST" ItemNo="00010" Length="20" Max="1" Min="1" Name="Message Control ID" Usage="R"/>
      <Field Datatype="ST" ItemNo="00020" Length="80" Max="0" Min="0" Name="Text Message" Usage="X"/>
      <Field Datatype="NM" ItemNo="00021" Length="15" Max="1" Min="0" Name="Expected Sequence Number" Usage="O"/>
      <Field Datatype="ID" ItemNo="00022" Length="1" Max="0" Min="0" Name="Delayed Acknowledgment Type" Usage="X"/>
      <Field Datatype="CE" ItemNo="00023" Length="250" Max="0" Min="0" Name="Error Condition" Table="0357" Usage="X"/>
    </Segment>  
    <Segment LongName="Error" Max="*" Min="0" Name="ERR" Usage="O">
      <Field Datatype="ELD" ItemNo="00024" Length="493" Max="0" Min="0" Name="Error Code and Location" Usage="X"/>
      <Field Datatype="ERL" ItemNo="01812" Length="18" Max="*" Min="0" Name="Error Location" Usage="O">
        <Component Datatype="ST" Length="3" Name="segment ID" Usage="R"/>
        <Component Datatype="NM" Length="2" Name="segment sequence" Usage="R"/>
        <Component Datatype="NM" Length="2" Name="field position" Usage="O"/>
        <Component Datatype="NM" Length="2" Name="field repeition" Usage="O"/>
        <Component Datatype="NM" Length="2" Name="component number" Usage="O"/>
        <Component Datatype="NM" Length="2" Name="sub-component number" Usage="O"/>
      </Field>
      <Field Datatype="CWE" ItemNo="01813" Length="705" Max="1" Min="1" Name="HL7 Error Code" Table="0357" Usage="R">
        <Component Datatype="ST" Length="20" Name="identifier" Usage="O"/>
        <Component Datatype="ST" Length="199" Name="text" Usage="O"/>
        <Component Datatype="ID" Length="20" Name="name of coding system" Table="0396" Usage="O"/>
        <Component Datatype="ST" Length="20" Name="alternate identifier" Usage="O"/>
        <Component Datatype="ST" Length="199" Name="alternate text" Usage="O"/>
        <Component Datatype="ID" Length="20" Name="name of alternate coding system" Table="0396" Usage="O"/>
        <Component Datatype="ST" Length="10" Name="coding system version ID" Usage="O"/>
        <Component Datatype="ST" Length="10" Name="alternate coding system version ID" Usage="O"/>
        <Component Datatype="ST" Length="199" Name="original text" Usage="O"/>
      </Field>
      <Field Datatype="ID" ItemNo="01814" Length="2" Max="1" Min="1" Name="Severity" Table="0516" Usage="R"/>
      <Field Datatype="CWE" ItemNo="01815" Length="705" Max="1" Min="0" Name="Application Error Code" Table="0533" Usage="O">
        <Component Datatype="ST" Length="20" Name="identifier" Usage="O"/>
        <Component Datatype="ST" Length="199" Name="text" Usage="O"/>
        <Component Datatype="ID" Length="20" Name="name of coding system" Table="0396" Usage="O"/>
        <Component Datatype="ST" Length="20" Name="alternate identifier" Usage="O"/>
        <Component Datatype="ST" Length="199" Name="alternate text" Usage="O"/>
        <Component Datatype="ID" Length="20" Name="name of alternate coding system" Table="0396" Usage="O"/>
        <Component Datatype="ST" Length="10" Name="coding system version ID" Usage="O"/>
        <Component Datatype="ST" Length="10" Name="alternate coding system version ID" Usage="O"/>
        <Component Datatype="ST" Length="199" Name="original text" Usage="O"/>
      </Field>
      <Field Datatype="ST" ItemNo="01816" Length="80" Max="*" Min="0" Name="Application Error Parameter" Usage="O"/>
      <Field Datatype="TX" ItemNo="01817" Length="2048" Max="1" Min="0" Name="Diagnostic Information" Usage="O"/>
      <Field Datatype="TX" ItemNo="01818" Length="250" Max="1" Min="0" Name="User Message" Usage="O"/>
      <Field Datatype="IS" ItemNo="01819" Length="20" Max="*" Min="0" Name="Inform Person Indicator" Table="0517" Usage="O"/>
      <Field Datatype="CWE" ItemNo="01820" Length="705" Max="1" Min="0" Name="Override Type" Table="0518" Usage="O">
        <Component Datatype="ST" Length="20" Name="identifier" Usage="O"/>
        <Component Datatype="ST" Length="199" Name="text" Usage="O"/>
        <Component Datatype="ID" Length="20" Name="name of coding system" Table="0396" Usage="O"/>
        <Component Datatype="ST" Length="20" Name="alternate identifier" Usage="O"/>
        <Component Datatype="ST" Length="199" Name="alternate text" Usage="O"/>
        <Component Datatype="ID" Length="20" Name="name of alternate coding system" Table="0396" Usage="O"/>
        <Component Datatype="ST" Length="10" Name="coding system version ID" Usage="O"/>
        <Component Datatype="ST" Length="10" Name="alternate coding system version ID" Usage="O"/>
        <Component Datatype="ST" Length="199" Name="original text" Usage="O"/>
      </Field>
      <Field Datatype="CWE" ItemNo="01821" Length="705" Max="*" Min="0" Name="Override Reason Code" Table="0519" Usage="O">
        <Component Datatype="ST" Length="20" Name="identifier" Usage="O"/>
        <Component Datatype="ST" Length="199" Name="text" Usage="O"/>
        <Component Datatype="ID" Length="20" Name="name of coding system" Table="0396" Usage="O"/>
        <Component Datatype="ST" Length="20" Name="alternate identifier" Usage="O"/>
        <Component Datatype="ST" Length="199" Name="alternate text" Usage="O"/>
        <Component Datatype="ID" Length="20" Name="name of alternate coding system" Table="0396" Usage="O"/>
        <Component Datatype="ST" Length="10" Name="coding system version ID" Usage="O"/>
        <Component Datatype="ST" Length="10" Name="alternate coding system version ID" Usage="O"/>
        <Component Datatype="ST" Length="199" Name="original text" Usage="O"/>
      </Field>
      <Field Datatype="XTN" ItemNo="01822" Length="652" Max="*" Min="0" Name="Help Desk Contact Point" Usage="O">
        <Component Datatype="ST" Length="199" Name="telephone number" Usage="B"/>
        <Component Datatype="ID" Length="3" Name="telecommunication use code" Table="0201" Usage="O"/>
        <Component Datatype="ID" Length="8" Name="telecommunication equipment type" Table="0202" Usage="O"/>
        <Component Datatype="ST" Length="199" Name="email address" Usage="O"/>
        <Component Datatype="NM" Length="3" Name="country code" Usage="O"/>
        <Component Datatype="NM" Length="5" Name="area/city code" Usage="O"/>
        <Component Datatype="NM" Length="9" Name="local number" Usage="O"/>
        <Component Datatype="NM" Length="5" Name="extension" Usage="O"/>
        <Component Datatype="ST" Length="199" Name="any text" Usage="O"/>
        <Component Datatype="ST" Length="4" Name="extension prefix" Usage="O"/>
        <Component Datatype="ST" Length="6" Name="speed dial code" Usage="O"/>
        <Component Datatype="ST" Length="199" Name="unformatted telephone number" Usage="C"/>
      </Field>
    </Segment> 
  </HL7v2xStaticDef> 
</HL7v2xConformanceProfile>
